Date,Security_Type,Symbol,Side,Quantity,Available_Qty,Close_Price,Market_Value,Floating_PnL,Avg_Open_Price,Avg_Position_Price,Margin,Daily_PnL,Today_Lots,PnL_Ratio,Position_Weight
2024-01-02,,Cash,,,,,100000,,,,,,,,0
2024-01-03,,Cash,,,,,100000,,,,,,,,0
2024-01-04,,Cash,,,,,100000,,,,,,,,0
2024-01-05,,Cash,,,,,100000,,,,,,,,0
2024-01-08,,Cash,,,,,100000,,,,,,,,0
2024-01-09,Stock,中航沈飞(600760.XSHG),Long,1200Shares,0Shares,38.63,46356,60,38.58,-,0,60,1200Shares,0.13%,100319.75,46.21%
2024-01-09,Stock,华友钴业(603799.XSHG),Long,1600Shares,0Shares,30.09,48144,288,29.91,-,0,288,1600Shares,0.6%,100319.75,47.99%
2024-01-09,,Cash,,,,,5819.75,,,,,,,,0
2024-01-10,Stock,中航沈飞(600760.XSHG),Long,1200Shares,1200Shares,38.28,45936,-360,38.58,-,0,-420,0Shares,-0.78%,100155.75,45.86%
2024-01-10,Stock,华友钴业(603799.XSHG),Long,1600Shares,1600Shares,30.25,48400,544,29.91,-,0,256,0Shares,1.14%,100155.75,48.32%
2024-01-10,,Cash,,,,,5819.75,,,,,,,,0
2024-01-11,Stock,中航沈飞(600760.XSHG),Long,1200Shares,1200Shares,39.02,46824,528,38.58,-,0,888,0Shares,1.14%,102291.75,45.77%
2024-01-11,Stock,华友钴业(603799.XSHG),Long,1600Shares,1600Shares,31.03,49648,1792,29.91,-,0,1248,0Shares,3.74%,102291.75,48.54%
2024-01-11,,Cash,,,,,5819.75,,,,,,,,0
2024-01-12,Stock,中航沈飞(600760.XSHG),Long,1200Shares,1200Shares,38.96,46752,456,38.58,-,0,-72,0Shares,0.98%,101947.48,45.86%
2024-01-12,,Cash,,,,,55195.48,,,,,,,,0
2024-01-15,,Cash,,,,,99897.29,,,,,,,,0
2024-01-16,,Cash,,,,,99897.29,,,,,,,,0
2024-01-17,,Cash,,,,,99897.29,,,,,,,,0
2024-01-18,Stock,中航沈飞(600760.XSHG),Long,2800Shares,0Shares,37.23,104244,4844,35.5,-,0,4844,2800Shares,4.87%,104711.47,99.55%
2024-01-18,,Cash,,,,,467.47,,,,,,,,0
2024-01-19,Stock,中航沈飞(600760.XSHG),Long,2800Shares,2800Shares,36.68,102704,3304,35.5,-,0,-1540,0Shares,3.32%,103171.47,99.55%
2024-01-19,,Cash,,,,,467.47,,,,,,,,0
2024-01-22,Stock,中航沈飞(600760.XSHG),Long,2800Shares,2800Shares,36.25,101500,2100,35.5,-,0,-1204,0Shares,2.11%,101967.47,99.54%
2024-01-22,,Cash,,,,,467.47,,,,,,,,0
2024-01-23,Stock,中航沈飞(600760.XSHG),Long,2800Shares,2800Shares,36.1,101080,1680,35.5,-,0,-420,0Shares,1.69%,101547.47,99.54%
2024-01-23,,Cash,,,,,467.47,,,,,,,,0
2024-01-24,Stock,中航沈飞(600760.XSHG),Long,2800Shares,2800Shares,36.29,101612,2212,35.5,-,0,532,0Shares,2.23%,102079.47,99.54%
2024-01-24,,Cash,,,,,467.47,,,,,,,,0
2024-01-25,Stock,中航沈飞(600760.XSHG),Long,2800Shares,2800Shares,37.43,104804,5404,35.5,-,0,3192,0Shares,5.44%,105271.47,99.56%
2024-01-25,,Cash,,,,,467.47,,,,,,,,0
2024-01-26,Stock,中航沈飞(600760.XSHG),Long,2800Shares,2800Shares,37.15,104020,4620,35.5,-,0,-784,0Shares,4.65%,104487.47,99.55%
2024-01-26,,Cash,,,,,467.47,,,,,,,,0
2024-01-29,Stock,中航沈飞(600760.XSHG),Long,2800Shares,2800Shares,36.45,102060,2660,35.5,-,0,-1960,0Shares,2.68%,102527.47,99.54%
2024-01-29,,Cash,,,,,467.47,,,,,,,,0
2024-01-30,Stock,中航沈飞(600760.XSHG),Long,2800Shares,2800Shares,36.56,102368,2968,35.5,-,0,308,0Shares,2.99%,102835.47,99.55%
2024-01-30,,Cash,,,,,467.47,,,,,,,,0
2024-01-31,Stock,中航沈飞(600760.XSHG),Long,2800Shares,2800Shares,35.44,99232,-168,35.5,-,0,-3136,0Shares,-0.17%,99699.47,99.53%
2024-01-31,,Cash,,,,,467.47,,,,,,,,0
2024-02-01,Stock,中航沈飞(600760.XSHG),Long,2800Shares,2800Shares,35.71,99988,588,35.5,-,0,756,0Shares,0.59%,100455.47,99.53%
2024-02-01,,Cash,,,,,467.47,,,,,,,,0
2024-02-02,Stock,中航沈飞(600760.XSHG),Long,2800Shares,2800Shares,34.33,96124,-3276,35.5,-,0,-3864,0Shares,-3.3%,96591.47,99.52%
2024-02-02,,Cash,,,,,467.47,,,,,,,,0
2024-02-05,Stock,东方精工(002611.XSHE),Long,100Shares,0Shares,3.72,372,-24,3.96,-,0,-24,100Shares,-6.06%,96717.15,0.38%
2024-02-05,,Cash,,,,,96345.15,,,,,,,,0
2024-02-06,Stock,盛弘股份(300693.XSHE),Long,1000Shares,0Shares,25.3,25300,2400,22.9,-,0,2400,1000Shares,10.48%,103921.39,24.35%
2024-02-06,Stock,和而泰(002402.XSHE),Long,2700Shares,0Shares,9.77,26379,2322,8.91,-,0,2322,2700Shares,9.65%,103921.39,25.38%
2024-02-06,Stock,三夫户外(002780.XSHE),Long,2500Shares,0Shares,9.58,23950,275,9.47,-,0,275,2500Shares,1.16%,103921.39,23.05%
2024-02-06,Stock,科华数据(002335.XSHE),Long,1300Shares,0Shares,20.15,26195,2236,18.43,-,0,2236,1300Shares,9.33%,103921.39,25.21%
2024-02-06,,Cash,,,,,2097.39,,,,,,,,0
2024-02-07,,Cash,,,,,107987.56,,,,,,,,0
2024-02-08,Stock,三夫户外(002780.XSHE),Long,11800Shares,0Shares,9.89,116702,9086,9.12,-,0,9086,11800Shares,8.44%,117041.27,99.71%
2024-02-08,,Cash,,,,,339.27,,,,,,,,0
2024-02-19,Stock,三夫户外(002780.XSHE),Long,11800Shares,11800Shares,10.23,120714,13098,9.12,-,0,4012,0Shares,12.17%,121053.27,99.72%
2024-02-19,,Cash,,,,,339.27,,,,,,,,0
2024-02-20,Stock,三夫户外(002780.XSHE),Long,11800Shares,11800Shares,10.27,121186,13570,9.12,-,0,472,0Shares,12.61%,121525.27,99.72%
2024-02-20,,Cash,,,,,339.27,,,,,,,,0
2024-02-21,,Cash,,,,,125845.9,,,,,,,,0
2024-02-22,,Cash,,,,,125845.9,,,,,,,,0
2024-02-23,,Cash,,,,,125845.9,,,,,,,,0
2024-02-26,,Cash,,,,,125845.9,,,,,,,,0
2024-02-27,,Cash,,,,,125845.9,,,,,,,,0
2024-02-28,,Cash,,,,,125845.9,,,,,,,,0
2024-02-29,,Cash,,,,,125845.9,,,,,,,,0
2024-03-01,,Cash,,,,,125845.9,,,,,,,,0
2024-03-04,,Cash,,,,,125845.9,,,,,,,,0
2024-03-05,,Cash,,,,,125845.9,,,,,,,,0
2024-03-06,,Cash,,,,,125845.9,,,,,,,,0
2024-03-07,,Cash,,,,,125845.9,,,,,,,,0
2024-03-08,,Cash,,,,,125845.9,,,,,,,,0
2024-03-11,,Cash,,,,,125845.9,,,,,,,,0
2024-03-12,,Cash,,,,,125845.9,,,,,,,,0
2024-03-13,Stock,陕西煤业(601225.XSHG),Long,4900Shares,0Shares,25.24,123676,-49,25.25,-,0,-49,4900Shares,-0.04%,125759.79,98.34%
2024-03-13,,Cash,,,,,2083.79,,,,,,,,0
2024-03-14,Stock,陕西煤业(601225.XSHG),Long,4900Shares,4900Shares,25.16,123284,-441,25.25,-,0,-392,0Shares,-0.36%,125367.79,98.34%
2024-03-14,,Cash,,,,,2083.79,,,,,,,,0
2024-03-15,,Cash,,,,,121096.87,,,,,,,,0
2024-03-18,Stock,东方精工(002611.XSHE),Long,15500Shares,0Shares,8.4,130200,9300,7.8,-,0,9300,15500Shares,7.69%,130360.6,99.88%
2024-03-18,,Cash,,,,,160.6,,,,,,,,0
2024-03-19,Stock,东方精工(002611.XSHE),Long,15500Shares,15500Shares,8.65,134075,13175,7.8,-,0,3875,0Shares,10.9%,134235.6,99.88%
2024-03-19,,Cash,,,,,160.6,,,,,,,,0
2024-03-20,Stock,东方精工(002611.XSHE),Long,15500Shares,15500Shares,8.61,133455,12555,7.8,-,0,-620,0Shares,10.38%,133615.6,99.88%
2024-03-20,,Cash,,,,,160.6,,,,,,,,0
2024-03-21,Stock,东方精工(002611.XSHE),Long,15500Shares,15500Shares,8.74,135470,14570,7.8,-,0,2015,0Shares,12.05%,135630.6,99.88%
2024-03-21,,Cash,,,,,160.6,,,,,,,,0
2024-03-22,Stock,东方精工(002611.XSHE),Long,15500Shares,15500Shares,8.29,128495,7595,7.8,-,0,-6975,0Shares,6.28%,128655.6,99.88%
2024-03-22,,Cash,,,,,160.6,,,,,,,,0
2024-03-25,Stock,东方精工(002611.XSHE),Long,15500Shares,15500Shares,7.83,121365,465,7.8,-,0,-7130,0Shares,0.38%,121525.6,99.87%
2024-03-25,,Cash,,,,,160.6,,,,,,,,0
2024-03-26,,Cash,,,,,116569.07,,,,,,,,0
2024-03-27,,Cash,,,,,116569.07,,,,,,,,0
2024-03-28,Stock,东方精工(002611.XSHE),Long,4000Shares,0Shares,7.47,29880,920,7.24,-,0,920,4000Shares,3.18%,119978.45,24.9%
2024-03-28,Stock,紫光国微(002049.XSHE),Long,400Shares,0Shares,65.56,26224,1708,61.29,-,0,1708,400Shares,6.97%,119978.45,21.86%
2024-03-28,Stock,和而泰(002402.XSHE),Long,2400Shares,0Shares,12.41,29784,648,12.14,-,0,648,2400Shares,2.22%,119978.45,24.82%
2024-03-28,Stock,安克创新(300866.XSHE),Long,300Shares,0Shares,76.55,22965,165,76,-,0,165,300Shares,0.72%,119978.45,19.14%
2024-03-28,,Cash,,,,,11125.45,,,,,,,,0
2024-03-29,Stock,东方精工(002611.XSHE),Long,4000Shares,4000Shares,7.27,29080,120,7.24,-,0,-800,0Shares,0.41%,119781.45,24.28%
2024-03-29,Stock,紫光国微(002049.XSHE),Long,400Shares,400Shares,64.9,25960,1444,61.29,-,0,-264,0Shares,5.89%,119781.45,21.67%
2024-03-29,Stock,和而泰(002402.XSHE),Long,2400Shares,2400Shares,12.68,30432,1296,12.14,-,0,648,0Shares,4.45%,119781.45,25.41%
2024-03-29,Stock,安克创新(300866.XSHE),Long,300Shares,300Shares,77.28,23184,384,76,-,0,219,0Shares,1.68%,119781.45,19.36%
2024-03-29,,Cash,,,,,11125.45,,,,,,,,0
2024-04-01,Stock,东方精工(002611.XSHE),Long,4000Shares,4000Shares,7.3,29200,240,7.24,-,0,120,0Shares,0.83%,119788.45,24.38%
2024-04-01,Stock,紫光国微(002049.XSHE),Long,400Shares,400Shares,65.36,26144,1628,61.29,-,0,184,0Shares,6.64%,119788.45,21.83%
2024-04-01,Stock,和而泰(002402.XSHE),Long,2400Shares,2400Shares,12.06,28944,-192,12.14,-,0,-1488,0Shares,-0.66%,119788.45,24.16%
2024-04-01,Stock,安克创新(300866.XSHE),Long,300Shares,300Shares,81.25,24375,1575,76,-,0,1191,0Shares,6.91%,119788.45,20.35%
2024-04-01,,Cash,,,,,11125.45,,,,,,,,0
2024-04-02,Stock,安克创新(300866.XSHE),Long,300Shares,300Shares,80.54,24162,1362,76,-,0,-213,0Shares,5.97%,117188.83,20.62%
2024-04-02,,Cash,,,,,93026.83,,,,,,,,0
2024-04-03,Stock,安克创新(300866.XSHE),Long,300Shares,300Shares,79.93,23979,1179,76,-,0,-183,0Shares,5.17%,117005.83,20.49%
2024-04-03,,Cash,,,,,93026.83,,,,,,,,0
2024-04-08,Stock,安克创新(300866.XSHE),Long,300Shares,300Shares,78.16,23448,648,76,-,0,-531,0Shares,2.84%,113886.95,20.59%
2024-04-08,Stock,和而泰(002402.XSHE),Long,8000Shares,0Shares,11.3,90400,-2560,11.62,-,0,-2560,8000Shares,-2.75%,113886.95,79.38%
2024-04-08,,Cash,,,,,38.95,,,,,,,,0
2024-04-09,Stock,安克创新(300866.XSHE),Long,300Shares,300Shares,78.98,23694,894,76,-,0,246,0Shares,3.92%,115812.95,20.46%
2024-04-09,Stock,和而泰(002402.XSHE),Long,8000Shares,8000Shares,11.51,92080,-880,11.62,-,0,1680,0Shares,-0.95%,115812.95,79.51%
2024-04-09,,Cash,,,,,38.95,,,,,,,,0
2024-04-10,Stock,安克创新(300866.XSHE),Long,300Shares,300Shares,77.87,23361,561,76,-,0,-333,0Shares,2.46%,113123.15,20.65%
2024-04-10,,Cash,,,,,89762.15,,,,,,,,0
2024-04-11,Stock,安克创新(300866.XSHE),Long,300Shares,300Shares,76.93,23079,279,76,-,0,-282,0Shares,1.22%,112841.15,20.45%
2024-04-11,,Cash,,,,,89762.15,,,,,,,,0
2024-04-12,Stock,安克创新(300866.XSHE),Long,300Shares,300Shares,77.23,23169,369,76,-,0,90,0Shares,1.62%,112931.15,20.52%
2024-04-12,,Cash,,,,,89762.15,,,,,,,,0
2024-04-15,Stock,安克创新(300866.XSHE),Long,300Shares,300Shares,79.61,23883,1083,76,-,0,714,0Shares,4.75%,115589.23,20.66%
2024-04-15,Stock,中国中免(601888.XSHG),Long,1100Shares,0Shares,77.33,85063,1969,75.54,-,0,1969,1100Shares,2.37%,115589.23,73.59%
2024-04-15,,Cash,,,,,6643.23,,,,,,,,0
2024-04-16,Stock,安克创新(300866.XSHE),Long,300Shares,300Shares,80.05,24015,1215,76,-,0,132,0Shares,5.33%,114093.23,21.05%
2024-04-16,Stock,中国中免(601888.XSHG),Long,1100Shares,1100Shares,75.85,83435,341,75.54,-,0,-1628,0Shares,0.41%,114093.23,73.13%
2024-04-16,,Cash,,,,,6643.23,,,,,,,,0
2024-04-17,Stock,安克创新(300866.XSHE),Long,300Shares,300Shares,81.66,24498,1698,76,-,0,483,0Shares,7.45%,116419.23,21.04%
2024-04-17,Stock,中国中免(601888.XSHG),Long,1100Shares,1100Shares,77.17,84887,1793,75.54,-,0,1452,0Shares,2.16%,116419.23,72.91%
2024-04-17,Stock,东方精工(002611.XSHE),Long,1100Shares,0Shares,6.3,6930,396,5.94,-,0,396,1100Shares,6.06%,116419.23,5.95%
2024-04-17,,Cash,,,,,104.23,,,,,,,,0
2024-04-18,Stock,安克创新(300866.XSHE),Long,300Shares,300Shares,85,25500,2700,76,-,0,1002,0Shares,11.84%,116541.23,21.88%
2024-04-18,Stock,中国中免(601888.XSHG),Long,1100Shares,1100Shares,76.41,84051,957,75.54,-,0,-836,0Shares,1.15%,116541.23,72.12%
2024-04-18,Stock,东方精工(002611.XSHE),Long,1100Shares,1100Shares,6.26,6886,352,5.94,-,0,-44,0Shares,5.39%,116541.23,5.91%
2024-04-18,,Cash,,,,,104.23,,,,,,,,0
2024-04-19,Stock,安克创新(300866.XSHE),Long,300Shares,300Shares,82.85,24855,2055,76,-,0,-645,0Shares,9.01%,111590.35,22.27%
2024-04-19,Stock,东方精工(002611.XSHE),Long,1100Shares,1100Shares,6.21,6831,297,5.94,-,0,-55,0Shares,4.55%,111590.35,6.12%
2024-04-19,,Cash,,,,,79904.35,,,,,,,,0
2024-04-22,Stock,安克创新(300866.XSHE),Long,300Shares,300Shares,83.48,25044,2244,76,-,0,189,0Shares,9.84%,111702.35,22.42%
2024-04-22,Stock,东方精工(002611.XSHE),Long,1100Shares,1100Shares,6.14,6754,220,5.94,-,0,-77,0Shares,3.37%,111702.35,6.05%
2024-04-22,,Cash,,,,,79904.35,,,,,,,,0
2024-04-23,Stock,安克创新(300866.XSHE),Long,300Shares,300Shares,83.76,25128,2328,76,-,0,84,0Shares,10.21%,113205.5,22.2%
2024-04-23,Stock,东方精工(002611.XSHE),Long,1100Shares,1100Shares,6.39,7029,495,5.94,-,0,275,0Shares,7.58%,113205.5,6.21%
2024-04-23,Stock,三夫户外(002780.XSHE),Long,7300Shares,0Shares,11.05,80665,1168,10.89,-,0,1168,7300Shares,1.47%,113205.5,71.26%
2024-04-23,,Cash,,,,,383.5,,,,,,,,0
2024-04-24,Stock,东方精工(002611.XSHE),Long,1100Shares,1100Shares,6.41,7051,517,5.94,-,0,22,0Shares,7.91%,116428.9,6.06%
2024-04-24,Stock,三夫户外(002780.XSHE),Long,7300Shares,7300Shares,11.5,83950,4453,10.89,-,0,3285,0Shares,5.6%,116428.9,72.1%
2024-04-24,,Cash,,,,,25427.9,,,,,,,,0
2024-04-25,Stock,东方精工(002611.XSHE),Long,1100Shares,1100Shares,6.35,6985,451,5.94,-,0,-66,0Shares,6.9%,116435.9,6%
2024-04-25,Stock,三夫户外(002780.XSHE),Long,7300Shares,7300Shares,11.51,84023,4526,10.89,-,0,73,0Shares,5.69%,116435.9,72.16%
2024-04-25,,Cash,,,,,25427.9,,,,,,,,0
2024-04-26,Stock,东方精工(002611.XSHE),Long,1100Shares,1100Shares,6.41,7051,517,5.94,-,0,66,0Shares,7.91%,118547.47,5.95%
2024-04-26,Stock,三夫户外(002780.XSHE),Long,7300Shares,7300Shares,11.7,85410,5913,10.89,-,0,1387,0Shares,7.44%,118547.47,72.05%
2024-04-26,Stock,华友钴业(603799.XSHG),Long,900Shares,0Shares,28.25,25425,666,27.51,-,0,666,900Shares,2.69%,118547.47,21.45%
2024-04-26,,Cash,,,,,661.47,,,,,,,,0
2024-04-29,Stock,三夫户外(002780.XSHE),Long,7300Shares,7300Shares,12.27,89571,10074,10.89,-,0,4161,0Shares,12.67%,123603.24,72.47%
2024-04-29,Stock,华友钴业(603799.XSHG),Long,900Shares,900Shares,29.05,26145,1386,27.51,-,0,720,0Shares,5.6%,123603.24,21.15%
2024-04-29,,Cash,,,,,7887.24,,,,,,,,0
2024-04-30,Stock,三夫户外(002780.XSHE),Long,7300Shares,7300Shares,11.04,80592,1095,10.89,-,0,-8979,0Shares,1.38%,114122.86,70.62%
2024-04-30,,Cash,,,,,33530.86,,,,,,,,0
2024-05-06,Stock,三夫户外(002780.XSHE),Long,7300Shares,7300Shares,11.22,81906,2409,10.89,-,0,1314,0Shares,3.03%,115436.86,70.95%
2024-05-06,,Cash,,,,,33530.86,,,,,,,,0
2024-05-07,Stock,三夫户外(002780.XSHE),Long,7300Shares,7300Shares,11.35,82855,3358,10.89,-,0,949,0Shares,4.22%,116385.86,71.19%
2024-05-07,,Cash,,,,,33530.86,,,,,,,,0
2024-05-08,,Cash,,,,,117371.72,,,,,,,,0
2024-05-09,,Cash,,,,,117371.72,,,,,,,,0
2024-05-10,,Cash,,,,,117371.72,,,,,,,,0
2024-05-13,,Cash,,,,,117371.72,,,,,,,,0
2024-05-14,Stock,盛弘股份(300693.XSHE),Long,4400Shares,0Shares,27.06,119064,1804,26.65,-,0,1804,4400Shares,1.54%,119140.54,99.94%
2024-05-14,,Cash,,,,,76.54,,,,,,,,0
2024-05-15,Stock,盛弘股份(300693.XSHE),Long,4400Shares,4400Shares,27.39,120516,3256,26.65,-,0,1452,0Shares,2.78%,120592.54,99.94%
2024-05-15,,Cash,,,,,76.54,,,,,,,,0
2024-05-16,Stock,盛弘股份(300693.XSHE),Long,4400Shares,4400Shares,26.9,118360,1100,26.65,-,0,-2156,0Shares,0.94%,118436.54,99.94%
2024-05-16,,Cash,,,,,76.54,,,,,,,,0
2024-05-17,Stock,盛弘股份(300693.XSHE),Long,4400Shares,4400Shares,27.03,118932,1672,26.65,-,0,572,0Shares,1.43%,119008.54,99.94%
2024-05-17,,Cash,,,,,76.54,,,,,,,,0
2024-05-20,Stock,盛弘股份(300693.XSHE),Long,4400Shares,4400Shares,26.78,117832,572,26.65,-,0,-1100,0Shares,0.49%,117908.54,99.94%
2024-05-20,,Cash,,,,,76.54,,,,,,,,0
2024-05-21,Stock,盛弘股份(300693.XSHE),Long,4400Shares,4400Shares,26.3,115720,-1540,26.65,-,0,-2112,0Shares,-1.31%,115796.54,99.93%
2024-05-21,,Cash,,,,,76.54,,,,,,,,0
2024-05-22,Stock,盛弘股份(300693.XSHE),Long,4400Shares,4400Shares,26.87,118228,968,26.65,-,0,2508,0Shares,0.83%,118304.54,99.94%
2024-05-22,,Cash,,,,,76.54,,,,,,,,0
2024-05-23,Stock,盛弘股份(300693.XSHE),Long,4400Shares,4400Shares,26.1,114840,-2420,26.65,-,0,-3388,0Shares,-2.06%,114916.54,99.93%
2024-05-23,,Cash,,,,,76.54,,,,,,,,0
2024-05-24,Stock,盛弘股份(300693.XSHE),Long,4400Shares,4400Shares,26.05,114620,-2640,26.65,-,0,-220,0Shares,-2.25%,114696.54,99.93%
2024-05-24,,Cash,,,,,76.54,,,,,,,,0
2024-05-27,Stock,盛弘股份(300693.XSHE),Long,4400Shares,4400Shares,26.94,118536,1276,26.65,-,0,3916,0Shares,1.09%,118612.54,99.94%
2024-05-27,,Cash,,,,,76.54,,,,,,,,0
2024-05-28,Stock,盛弘股份(300693.XSHE),Long,4400Shares,4400Shares,26.72,117568,308,26.65,-,0,-968,0Shares,0.26%,117644.54,99.93%
2024-05-28,,Cash,,,,,76.54,,,,,,,,0
2024-05-29,Stock,盛弘股份(300693.XSHE),Long,4400Shares,4400Shares,27.04,118976,1716,26.65,-,0,1408,0Shares,1.46%,119052.54,99.94%
2024-05-29,,Cash,,,,,76.54,,,,,,,,0
2024-05-30,Stock,盛弘股份(300693.XSHE),Long,4400Shares,4400Shares,26.67,117348,88,26.65,-,0,-1628,0Shares,0.08%,117424.54,99.93%
2024-05-30,,Cash,,,,,76.54,,,,,,,,0
2024-05-31,Stock,盛弘股份(300693.XSHE),Long,4400Shares,4400Shares,26.18,115192,-2068,26.65,-,0,-2156,0Shares,-1.76%,115268.54,99.93%
2024-05-31,,Cash,,,,,76.54,,,,,,,,0
2024-06-03,,Cash,,,,,112350.4,,,,,,,,0
2024-06-04,,Cash,,,,,112350.4,,,,,,,,0
2024-06-05,,Cash,,,,,112350.4,,,,,,,,0
2024-06-06,,Cash,,,,,112350.4,,,,,,,,0
2024-06-07,,Cash,,,,,112350.4,,,,,,,,0
2024-06-11,,Cash,,,,,112350.4,,,,,,,,0
2024-06-12,,Cash,,,,,112350.4,,,,,,,,0
2024-06-13,,Cash,,,,,112350.4,,,,,,,,0
2024-06-14,Stock,中远海控(601919.XSHG),Long,7300Shares,0Shares,15.21,111033,-438,15.27,-,0,-438,7300Shares,-0.39%,111878.96,99.24%
2024-06-14,,Cash,,,,,845.96,,,,,,,,0
2024-06-17,Stock,中远海控(601919.XSHG),Long,7300Shares,7300Shares,15.02,109646,-1825,15.27,-,0,-1387,0Shares,-1.64%,110491.96,99.23%
2024-06-17,,Cash,,,,,845.96,,,,,,,,0
2024-06-18,Stock,中远海控(601919.XSHG),Long,7300Shares,7300Shares,15.57,113661,2190,15.27,-,0,4015,0Shares,1.96%,114506.96,99.26%
2024-06-18,,Cash,,,,,845.96,,,,,,,,0
2024-06-19,Stock,中远海控(601919.XSHG),Long,7300Shares,7300Shares,15.58,113734,2263,15.27,-,0,73,0Shares,2.03%,114579.96,99.26%
2024-06-19,,Cash,,,,,845.96,,,,,,,,0
2024-06-20,Stock,中远海控(601919.XSHG),Long,7300Shares,7300Shares,16.03,117019,7227,15.04,-,0,4964,0Shares,6.58%,119208.16,98.16%
2024-06-20,,Cash,,,,,2189.16,,,,,,,,0
2024-06-21,Stock,中远海控(601919.XSHG),Long,7300Shares,7300Shares,16.05,117165,7373,15.04,-,0,146,0Shares,6.72%,119354.16,98.17%
2024-06-21,,Cash,,,,,2189.16,,,,,,,,0
2024-06-24,Stock,中远海控(601919.XSHG),Long,7300Shares,7300Shares,15.63,114099,4307,15.04,-,0,-3066,0Shares,3.92%,116288.16,98.12%
2024-06-24,,Cash,,,,,2189.16,,,,,,,,0
2024-06-25,Stock,中远海控(601919.XSHG),Long,7300Shares,7300Shares,15.52,113296,3504,15.04,-,0,-803,0Shares,3.19%,115485.16,98.1%
2024-06-25,,Cash,,,,,2189.16,,,,,,,,0
2024-06-26,Stock,中远海控(601919.XSHG),Long,7300Shares,7300Shares,15.49,113077,3285,15.04,-,0,-219,0Shares,2.99%,115266.16,98.1%
2024-06-26,,Cash,,,,,2189.16,,,,,,,,0
2024-06-27,Stock,中远海控(601919.XSHG),Long,7300Shares,7300Shares,15.02,109646,-146,15.04,-,0,-3431,0Shares,-0.13%,111835.16,98.04%
2024-06-27,,Cash,,,,,2189.16,,,,,,,,0
2024-06-28,Stock,中远海控(601919.XSHG),Long,7300Shares,7300Shares,15.49,113077,3285,15.04,-,0,3431,0Shares,2.99%,115266.16,98.1%
2024-06-28,,Cash,,,,,2189.16,,,,,,,,0
2024-07-01,Stock,中远海控(601919.XSHG),Long,7300Shares,7300Shares,15.82,115486,5694,15.04,-,0,2409,0Shares,5.19%,117675.16,98.14%
2024-07-01,,Cash,,,,,2189.16,,,,,,,,0
2024-07-02,Stock,中远海控(601919.XSHG),Long,7300Shares,7300Shares,16.05,117165,7373,15.04,-,0,1679,0Shares,6.72%,119354.16,98.17%
2024-07-02,,Cash,,,,,2189.16,,,,,,,,0
2024-07-03,Stock,中远海控(601919.XSHG),Long,7300Shares,7300Shares,15.47,112931,3139,15.04,-,0,-4234,0Shares,2.86%,115120.16,98.1%
2024-07-03,,Cash,,,,,2189.16,,,,,,,,0
2024-07-04,Stock,中远海控(601919.XSHG),Long,7300Shares,7300Shares,15.53,113369,3577,15.04,-,0,438,0Shares,3.26%,115558.16,98.11%
2024-07-04,,Cash,,,,,2189.16,,,,,,,,0
2024-07-05,Stock,中远海控(601919.XSHG),Long,7300Shares,7300Shares,15.33,111909,2117,15.04,-,0,-1460,0Shares,1.93%,114098.16,98.08%
2024-07-05,,Cash,,,,,2189.16,,,,,,,,0
2024-07-08,,Cash,,,,,107464.12,,,,,,,,0
2024-07-09,Stock,中国中免(601888.XSHG),Long,1700Shares,0Shares,63.15,107355,136,63.07,-,0,136,1700Shares,0.13%,107567.95,99.8%
2024-07-09,,Cash,,,,,212.95,,,,,,,,0
2024-07-10,Stock,中国中免(601888.XSHG),Long,1700Shares,1700Shares,63.35,107695,476,63.07,-,0,340,0Shares,0.44%,107907.95,99.8%
2024-07-10,,Cash,,,,,212.95,,,,,,,,0
2024-07-11,,Cash,,,,,112946.21,,,,,,,,0
2024-07-12,,Cash,,,,,112946.21,,,,,,,,0
2024-07-15,Stock,华能国际(600011.XSHG),Long,13100Shares,0Shares,8.82,115542,2751,8.61,-,0,2751,13100Shares,2.44%,115663.37,99.9%
2024-07-15,,Cash,,,,,121.37,,,,,,,,0
2024-07-16,Stock,华能国际(600011.XSHG),Long,13100Shares,13100Shares,8.8,115280,2489,8.61,-,0,-262,0Shares,2.21%,115401.37,99.89%
2024-07-16,,Cash,,,,,121.37,,,,,,,,0
2024-07-17,Stock,华能国际(600011.XSHG),Long,13100Shares,13100Shares,8.59,112529,-262,8.61,-,0,-2751,0Shares,-0.23%,112650.37,99.89%
2024-07-17,,Cash,,,,,121.37,,,,,,,,0
2024-07-18,Stock,华能国际(600011.XSHG),Long,13100Shares,13100Shares,8.76,114756,1965,8.61,-,0,2227,0Shares,1.74%,114877.37,99.89%
2024-07-18,,Cash,,,,,121.37,,,,,,,,0
2024-07-19,Stock,华能国际(600011.XSHG),Long,13100Shares,13100Shares,8.75,114625,1834,8.61,-,0,-131,0Shares,1.63%,114746.37,99.89%
2024-07-19,,Cash,,,,,121.37,,,,,,,,0
2024-07-22,Stock,华能国际(600011.XSHG),Long,13100Shares,13100Shares,8.46,110826,-1965,8.61,-,0,-3799,0Shares,-1.74%,110947.37,99.89%
2024-07-22,,Cash,,,,,121.37,,,,,,,,0
2024-07-23,,Cash,,,,,107532.56,,,,,,,,0
2024-07-24,,Cash,,,,,107532.56,,,,,,,,0
2024-07-25,Stock,华友钴业(603799.XSHG),Long,4900Shares,0Shares,22.23,108927,2793,21.66,-,0,2793,4900Shares,2.63%,110293.72,98.76%
2024-07-25,,Cash,,,,,1366.72,,,,,,,,0
2024-07-26,Stock,华友钴业(603799.XSHG),Long,4900Shares,4900Shares,23.33,114317,8183,21.66,-,0,5390,0Shares,7.71%,115683.72,98.82%
2024-07-26,,Cash,,,,,1366.72,,,,,,,,0
2024-07-29,Stock,华友钴业(603799.XSHG),Long,4900Shares,4900Shares,22.48,110152,4018,21.66,-,0,-4165,0Shares,3.79%,111518.72,98.77%
2024-07-29,,Cash,,,,,1366.72,,,,,,,,0
2024-07-30,Stock,华友钴业(603799.XSHG),Long,4900Shares,4900Shares,22.29,109221,3087,21.66,-,0,-931,0Shares,2.91%,110587.72,98.76%
2024-07-30,,Cash,,,,,1366.72,,,,,,,,0
2024-07-31,Stock,华友钴业(603799.XSHG),Long,4900Shares,4900Shares,23.48,115052,8918,21.66,-,0,5831,0Shares,8.4%,116418.72,98.83%
2024-07-31,,Cash,,,,,1366.72,,,,,,,,0
2024-08-01,Stock,华友钴业(603799.XSHG),Long,4900Shares,4900Shares,23.12,113288,7154,21.66,-,0,-1764,0Shares,6.74%,114654.72,98.81%
2024-08-01,,Cash,,,,,1366.72,,,,,,,,0
2024-08-02,Stock,华友钴业(603799.XSHG),Long,4900Shares,4900Shares,22.81,111769,5635,21.66,-,0,-1519,0Shares,5.31%,113135.72,98.79%
2024-08-02,,Cash,,,,,1366.72,,,,,,,,0
2024-08-05,Stock,华友钴业(603799.XSHG),Long,4900Shares,4900Shares,22.44,109956,3822,21.66,-,0,-1813,0Shares,3.6%,111322.72,98.77%
2024-08-05,,Cash,,,,,1366.72,,,,,,,,0
2024-08-06,Stock,华友钴业(603799.XSHG),Long,4900Shares,4900Shares,23.04,112896,6762,21.66,-,0,2940,0Shares,6.37%,114261.72,98.8%
2024-08-06,Stock,领益智造(002600.XSHE),Long,100Shares,0Shares,6.48,648,4,6.44,-,0,4,100Shares,0.62%,114261.72,0.57%
2024-08-06,,Cash,,,,,717.72,,,,,,,,0
2024-08-07,Stock,华友钴业(603799.XSHG),Long,4900Shares,4900Shares,22.61,110789,4655,21.66,-,0,-2107,0Shares,4.39%,112149.72,98.79%
2024-08-07,Stock,领益智造(002600.XSHE),Long,100Shares,100Shares,6.43,643,-1,6.44,-,0,-5,0Shares,-0.16%,112149.72,0.57%
2024-08-07,,Cash,,,,,717.72,,,,,,,,0
2024-08-08,Stock,华友钴业(603799.XSHG),Long,4900Shares,4900Shares,22.48,110152,4018,21.66,-,0,-637,0Shares,3.79%,111536.72,98.76%
2024-08-08,Stock,领益智造(002600.XSHE),Long,100Shares,100Shares,6.67,667,23,6.44,-,0,24,0Shares,3.57%,111536.72,0.6%
2024-08-08,,Cash,,,,,717.72,,,,,,,,0
2024-08-09,Stock,华友钴业(603799.XSHG),Long,4900Shares,4900Shares,22.32,109368,3234,21.66,-,0,-784,0Shares,3.05%,110753.72,98.75%
2024-08-09,Stock,领益智造(002600.XSHE),Long,100Shares,100Shares,6.68,668,24,6.44,-,0,1,0Shares,3.73%,110753.72,0.6%
2024-08-09,,Cash,,,,,717.72,,,,,,,,0
2024-08-12,Stock,华友钴业(603799.XSHG),Long,4900Shares,4900Shares,22.26,109074,2940,21.66,-,0,-294,0Shares,2.77%,110459.04,98.75%
2024-08-12,,Cash,,,,,1385.04,,,,,,,,0
2024-08-13,Stock,华友钴业(603799.XSHG),Long,4900Shares,4900Shares,22.41,109809,3675,21.66,-,0,735,0Shares,3.46%,111194.04,98.75%
2024-08-13,,Cash,,,,,1385.04,,,,,,,,0
2024-08-14,Stock,华友钴业(603799.XSHG),Long,4900Shares,4900Shares,21.91,107359,1225,21.66,-,0,-2450,0Shares,1.15%,108744.04,98.73%
2024-08-14,,Cash,,,,,1385.04,,,,,,,,0
2024-08-15,Stock,华友钴业(603799.XSHG),Long,4900Shares,4900Shares,22.28,109172,3038,21.66,-,0,1813,0Shares,2.86%,110557.04,98.75%
2024-08-15,,Cash,,,,,1385.04,,,,,,,,0
2024-08-16,Stock,华友钴业(603799.XSHG),Long,4900Shares,4900Shares,22.14,108486,2352,21.66,-,0,-686,0Shares,2.22%,109871.04,98.74%
2024-08-16,,Cash,,,,,1385.04,,,,,,,,0
2024-08-19,Stock,华友钴业(603799.XSHG),Long,4900Shares,4900Shares,22.25,109025,2891,21.66,-,0,539,0Shares,2.72%,110410.04,98.75%
2024-08-19,,Cash,,,,,1385.04,,,,,,,,0
2024-08-20,Stock,华友钴业(603799.XSHG),Long,4900Shares,4900Shares,23.14,113386,7252,21.66,-,0,4361,0Shares,6.83%,114771.04,98.79%
2024-08-20,,Cash,,,,,1385.04,,,,,,,,0
2024-08-21,Stock,华友钴业(603799.XSHG),Long,4900Shares,4900Shares,22.79,111671,5537,21.66,-,0,-1715,0Shares,5.22%,113056.04,98.77%
2024-08-21,,Cash,,,,,1385.04,,,,,,,,0
2024-08-22,Stock,华友钴业(603799.XSHG),Long,4900Shares,4900Shares,21.67,106183,49,21.66,-,0,-5488,0Shares,0.05%,107568.04,98.71%
2024-08-22,,Cash,,,,,1385.04,,,,,,,,0
2024-08-23,Stock,华友钴业(603799.XSHG),Long,4900Shares,4900Shares,21.51,105399,-735,21.66,-,0,-784,0Shares,-0.69%,106784.04,98.7%
2024-08-23,,Cash,,,,,1385.04,,,,,,,,0
2024-08-26,Stock,华友钴业(603799.XSHG),Long,4900Shares,4900Shares,22.3,109270,3136,21.66,-,0,3871,0Shares,2.95%,110642.04,98.76%
2024-08-26,Stock,深圳能源(000027.XSHE),Long,200Shares,0Shares,5.96,1192,-8,6,-,0,-8,200Shares,-0.67%,110642.04,1.08%
2024-08-26,,Cash,,,,,180.04,,,,,,,,0
2024-08-27,Stock,华友钴业(603799.XSHG),Long,4900Shares,4900Shares,21.81,106869,735,21.66,-,0,-2401,0Shares,0.69%,108204.88,98.77%
2024-08-27,,Cash,,,,,1335.88,,,,,,,,0
2024-08-28,Stock,华友钴业(603799.XSHG),Long,4900Shares,4900Shares,21.91,107359,1225,21.66,-,0,490,0Shares,1.15%,108694.88,98.77%
2024-08-28,,Cash,,,,,1335.88,,,,,,,,0
2024-08-29,Stock,华友钴业(603799.XSHG),Long,4900Shares,4900Shares,22.68,111132,4998,21.66,-,0,3773,0Shares,4.71%,112467.88,98.81%
2024-08-29,,Cash,,,,,1335.88,,,,,,,,0
2024-08-30,Stock,华友钴业(603799.XSHG),Long,4900Shares,4900Shares,23.13,113337,7203,21.66,-,0,2205,0Shares,6.79%,114672.88,98.84%
2024-08-30,,Cash,,,,,1335.88,,,,,,,,0
2024-09-02,Stock,华友钴业(603799.XSHG),Long,4900Shares,4900Shares,22.43,109907,3773,21.66,-,0,-3430,0Shares,3.55%,111242.88,98.8%
2024-09-02,,Cash,,,,,1335.88,,,,,,,,0
2024-09-03,Stock,华友钴业(603799.XSHG),Long,4900Shares,4900Shares,22.79,111671,5537,21.66,-,0,1764,0Shares,5.22%,113006.88,98.82%
2024-09-03,,Cash,,,,,1335.88,,,,,,,,0
2024-09-04,,Cash,,,,,113302.14,,,,,,,,0
2024-09-05,,Cash,,,,,113302.14,,,,,,,,0
2024-09-06,,Cash,,,,,113302.14,,,,,,,,0
2024-09-09,Stock,陕西煤业(601225.XSHG),Long,5000Shares,0Shares,22.23,111150,-1450,22.52,-,0,-1450,5000Shares,-1.29%,111818.36,99.4%
2024-09-09,,Cash,,,,,668.36,,,,,,,,0
2024-09-10,Stock,陕西煤业(601225.XSHG),Long,5000Shares,5000Shares,22.64,113200,600,22.52,-,0,2050,0Shares,0.53%,113868.36,99.41%
2024-09-10,,Cash,,,,,668.36,,,,,,,,0
2024-09-11,,Cash,,,,,109077.24,,,,,,,,0
2024-09-12,,Cash,,,,,109077.24,,,,,,,,0
2024-09-13,,Cash,,,,,109077.24,,,,,,,,0
2024-09-18,,Cash,,,,,109077.24,,,,,,,,0
2024-09-19,Stock,领益智造(002600.XSHE),Long,17800Shares,0Shares,6.1,108580,0,6.1,-,0,0,17800Shares,0%,109044.67,99.57%
2024-09-19,,Cash,,,,,464.67,,,,,,,,0
2024-09-20,Stock,领益智造(002600.XSHE),Long,17800Shares,17800Shares,6.32,112496,3916,6.1,-,0,3916,0Shares,3.61%,112960.67,99.59%
2024-09-20,,Cash,,,,,464.67,,,,,,,,0
2024-09-23,Stock,领益智造(002600.XSHE),Long,17800Shares,17800Shares,6.12,108936,356,6.1,-,0,-3560,0Shares,0.33%,109400.67,99.58%
2024-09-23,,Cash,,,,,464.67,,,,,,,,0
2024-09-24,Stock,领益智造(002600.XSHE),Long,17800Shares,17800Shares,6.51,115878,7298,6.1,-,0,6942,0Shares,6.72%,116342.67,99.6%
2024-09-24,,Cash,,,,,464.67,,,,,,,,0
2024-09-25,Stock,领益智造(002600.XSHE),Long,17800Shares,17800Shares,6.4,113920,5340,6.1,-,0,-1958,0Shares,4.92%,114384.67,99.59%
2024-09-25,,Cash,,,,,464.67,,,,,,,,0
2024-09-26,Stock,领益智造(002600.XSHE),Long,17800Shares,17800Shares,6.49,115522,6942,6.1,-,0,1602,0Shares,6.39%,115986.67,99.6%
2024-09-26,,Cash,,,,,464.67,,,,,,,,0
2024-09-27,Stock,领益智造(002600.XSHE),Long,17800Shares,17800Shares,6.88,122464,13884,6.1,-,0,6942,0Shares,12.79%,122928.67,99.62%
2024-09-27,,Cash,,,,,464.67,,,,,,,,0
2024-09-30,,Cash,,,,,131302.36,,,,,,,,0
2024-10-08,,Cash,,,,,131302.36,,,,,,,,0
2024-10-09,,Cash,,,,,131302.36,,,,,,,,0
2024-10-10,,Cash,,,,,131302.36,,,,,,,,0
2024-10-11,,Cash,,,,,131302.36,,,,,,,,0
2024-10-14,,Cash,,,,,131302.36,,,,,,,,0
2024-10-15,,Cash,,,,,131302.36,,,,,,,,0
2024-10-16,,Cash,,,,,131302.36,,,,,,,,0
2024-10-17,,Cash,,,,,131302.36,,,,,,,,0
2024-10-18,,Cash,,,,,131302.36,,,,,,,,0
2024-10-21,,Cash,,,,,131302.36,,,,,,,,0
2024-10-22,,Cash,,,,,131302.36,,,,,,,,0
2024-10-23,,Cash,,,,,131302.36,,,,,,,,0
2024-10-24,,Cash,,,,,131302.36,,,,,,,,0
2024-10-25,,Cash,,,,,131302.36,,,,,,,,0
2024-10-28,,Cash,,,,,131302.36,,,,,,,,0
2024-10-29,,Cash,,,,,131302.36,,,,,,,,0
2024-10-30,,Cash,,,,,131302.36,,,,,,,,0
2024-10-31,Stock,中国铝业(601600.XSHG),Long,17100Shares,0Shares,7.63,130473,-342,7.65,-,0,-342,17100Shares,-0.26%,130921.11,99.66%
2024-10-31,,Cash,,,,,448.11,,,,,,,,0
2024-11-01,Stock,中国铝业(601600.XSHG),Long,17100Shares,17100Shares,7.94,135774,4959,7.65,-,0,5301,0Shares,3.79%,136222.11,99.67%
2024-11-01,,Cash,,,,,448.11,,,,,,,,0
2024-11-04,Stock,中国铝业(601600.XSHG),Long,17100Shares,17100Shares,7.92,135432,4617,7.65,-,0,-342,0Shares,3.53%,135880.11,99.67%
2024-11-04,,Cash,,,,,448.11,,,,,,,,0
2024-11-05,Stock,中国铝业(601600.XSHG),Long,17100Shares,17100Shares,8.09,138339,7524,7.65,-,0,2907,0Shares,5.75%,138787.11,99.68%
2024-11-05,,Cash,,,,,448.11,,,,,,,,0
2024-11-06,Stock,中国铝业(601600.XSHG),Long,17100Shares,17100Shares,8.24,140904,10089,7.65,-,0,2565,0Shares,7.71%,141352.11,99.68%
2024-11-06,,Cash,,,,,448.11,,,,,,,,0
2024-11-07,Stock,中国铝业(601600.XSHG),Long,17100Shares,17100Shares,8.48,145008,14193,7.65,-,0,4104,0Shares,10.85%,145456.11,99.69%
2024-11-07,,Cash,,,,,448.11,,,,,,,,0
2024-11-08,Stock,中国铝业(601600.XSHG),Long,17100Shares,17100Shares,8.5,145350,14535,7.65,-,0,342,0Shares,11.11%,145798.11,99.69%
2024-11-08,,Cash,,,,,448.11,,,,,,,,0
2024-11-11,Stock,中国铝业(601600.XSHG),Long,17100Shares,17100Shares,8.39,143469,12654,7.65,-,0,-1881,0Shares,9.67%,143917.11,99.69%
2024-11-11,,Cash,,,,,448.11,,,,,,,,0
2024-11-12,Stock,中国铝业(601600.XSHG),Long,17100Shares,17100Shares,8.06,137826,7011,7.65,-,0,-5643,0Shares,5.36%,138274.11,99.68%
2024-11-12,,Cash,,,,,448.11,,,,,,,,0
2024-11-13,Stock,中国铝业(601600.XSHG),Long,17100Shares,17100Shares,8.1,138510,7695,7.65,-,0,684,0Shares,5.88%,138958.11,99.68%
2024-11-13,,Cash,,,,,448.11,,,,,,,,0
2024-11-14,Stock,中国铝业(601600.XSHG),Long,17100Shares,17100Shares,7.95,135945,5130,7.65,-,0,-2565,0Shares,3.92%,136393.11,99.67%
2024-11-14,,Cash,,,,,448.11,,,,,,,,0
2024-11-15,Stock,中国铝业(601600.XSHG),Long,17100Shares,17100Shares,7.98,136458,5643,7.65,-,0,513,0Shares,4.31%,136906.11,99.67%
2024-11-15,,Cash,,,,,448.11,,,,,,,,0
2024-11-18,Stock,中国铝业(601600.XSHG),Long,17100Shares,17100Shares,7.8,133380,2565,7.65,-,0,-3078,0Shares,1.96%,133828.11,99.67%
2024-11-18,,Cash,,,,,448.11,,,,,,,,0
2024-11-19,Stock,中国铝业(601600.XSHG),Long,17100Shares,17100Shares,7.94,135774,4959,7.65,-,0,2394,0Shares,3.79%,136222.11,99.67%
2024-11-19,,Cash,,,,,448.11,,,,,,,,0
2024-11-20,Stock,中国铝业(601600.XSHG),Long,17100Shares,17100Shares,7.91,135261,4446,7.65,-,0,-513,0Shares,3.4%,135709.11,99.67%
2024-11-20,,Cash,,,,,448.11,,,,,,,,0
2024-11-21,Stock,中国铝业(601600.XSHG),Long,17100Shares,17100Shares,7.93,135603,4788,7.65,-,0,342,0Shares,3.66%,136051.11,99.67%
2024-11-21,,Cash,,,,,448.11,,,,,,,,0
2024-11-22,Stock,中国铝业(601600.XSHG),Long,17100Shares,17100Shares,7.65,130815,0,7.65,-,0,-4788,0Shares,0%,131263.11,99.66%
2024-11-22,,Cash,,,,,448.11,,,,,,,,0
2024-11-25,Stock,中国铝业(601600.XSHG),Long,17100Shares,17100Shares,7.57,129447,-1368,7.65,-,0,-1368,0Shares,-1.05%,129895.11,99.66%
2024-11-25,,Cash,,,,,448.11,,,,,,,,0
2024-11-26,Stock,中国铝业(601600.XSHG),Long,17100Shares,17100Shares,7.57,129447,-1368,7.65,-,0,0,0Shares,-1.05%,129895.11,99.66%
2024-11-26,,Cash,,,,,448.11,,,,,,,,0
2024-11-27,Stock,中国铝业(601600.XSHG),Long,17100Shares,17100Shares,7.64,130644,-171,7.65,-,0,1197,0Shares,-0.13%,131092.11,99.66%
2024-11-27,,Cash,,,,,448.11,,,,,,,,0
2024-11-28,Stock,中国铝业(601600.XSHG),Long,17100Shares,17100Shares,7.52,128592,-2223,7.65,-,0,-2052,0Shares,-1.7%,129040.11,99.65%
2024-11-28,,Cash,,,,,448.11,,,,,,,,0
2024-11-29,Stock,中国铝业(601600.XSHG),Long,17100Shares,17100Shares,7.52,128592,-2223,7.65,-,0,0,0Shares,-1.7%,129040.11,99.65%
2024-11-29,,Cash,,,,,448.11,,,,,,,,0
2024-12-02,Stock,中国铝业(601600.XSHG),Long,17100Shares,17100Shares,7.59,129789,-1026,7.65,-,0,1197,0Shares,-0.78%,130237.11,99.66%
2024-12-02,,Cash,,,,,448.11,,,,,,,,0
2024-12-03,Stock,中国铝业(601600.XSHG),Long,17100Shares,17100Shares,7.59,129789,-1026,7.65,-,0,0,0Shares,-0.78%,130237.11,99.66%
2024-12-03,,Cash,,,,,448.11,,,,,,,,0
2024-12-04,Stock,中国铝业(601600.XSHG),Long,17100Shares,17100Shares,7.64,130644,-171,7.65,-,0,855,0Shares,-0.13%,131092.11,99.66%
2024-12-04,,Cash,,,,,448.11,,,,,,,,0
2024-12-05,Stock,中国铝业(601600.XSHG),Long,17100Shares,17100Shares,7.54,128934,-1881,7.65,-,0,-1710,0Shares,-1.44%,129382.11,99.65%
2024-12-05,,Cash,,,,,448.11,,,,,,,,0
2024-12-06,Stock,中国铝业(601600.XSHG),Long,17100Shares,17100Shares,7.64,130644,-171,7.65,-,0,1710,0Shares,-0.13%,131092.11,99.66%
2024-12-06,,Cash,,,,,448.11,,,,,,,,0
2024-12-09,Stock,中国铝业(601600.XSHG),Long,17100Shares,17100Shares,7.64,130644,-171,7.65,-,0,0,0Shares,-0.13%,131092.11,99.66%
2024-12-09,,Cash,,,,,448.11,,,,,,,,0
2024-12-10,Stock,中国铝业(601600.XSHG),Long,17100Shares,17100Shares,7.67,131157,342,7.65,-,0,513,0Shares,0.26%,131605.11,99.66%
2024-12-10,,Cash,,,,,448.11,,,,,,,,0
2024-12-11,Stock,中国铝业(601600.XSHG),Long,17100Shares,17100Shares,7.88,134748,3933,7.65,-,0,3591,0Shares,3.01%,135196.11,99.67%
2024-12-11,,Cash,,,,,448.11,,,,,,,,0
2024-12-12,Stock,中国铝业(601600.XSHG),Long,17100Shares,17100Shares,7.85,134235,3420,7.65,-,0,-513,0Shares,2.61%,134683.11,99.67%
2024-12-12,,Cash,,,,,448.11,,,,,,,,0
2024-12-13,Stock,中国铝业(601600.XSHG),Long,17100Shares,17100Shares,7.6,129960,-855,7.65,-,0,-4275,0Shares,-0.65%,130408.11,99.66%
2024-12-13,,Cash,,,,,448.11,,,,,,,,0
2024-12-16,Stock,中国铝业(601600.XSHG),Long,17100Shares,17100Shares,7.45,127395,-3420,7.65,-,0,-2565,0Shares,-2.61%,127843.11,99.65%
2024-12-16,,Cash,,,,,448.11,,,,,,,,0
2024-12-17,,Cash,,,,,126311.28,,,,,,,,0
2024-12-18,,Cash,,,,,126311.28,,,,,,,,0
2024-12-19,,Cash,,,,,126311.28,,,,,,,,0
2024-12-20,Stock,三夫户外(002780.XSHE),Long,9700Shares,0Shares,13.02,126294,291,12.99,-,0,291,9700Shares,0.23%,126564.48,99.79%
2024-12-20,,Cash,,,,,270.48,,,,,,,,0
2024-12-23,,Cash,,,,,119037.88,,,,,,,,0
2024-12-24,,Cash,,,,,119037.88,,,,,,,,0
2024-12-25,,Cash,,,,,119037.88,,,,,,,,0
2024-12-26,Stock,和而泰(002402.XSHE),Long,2000Shares,0Shares,19.65,39300,1160,19.07,-,0,1160,2000Shares,3.04%,123795.7,31.75%
2024-12-26,Stock,三夫户外(002780.XSHE),Long,3300Shares,0Shares,12.65,41745,2145,12,-,0,2145,3300Shares,5.42%,123795.7,33.72%
2024-12-26,Stock,领益智造(002600.XSHE),Long,4800Shares,0Shares,8.54,40992,1488,8.23,-,0,1488,4800Shares,3.77%,123795.7,33.11%
2024-12-26,,Cash,,,,,1758.7,,,,,,,,0
2024-12-27,Stock,和而泰(002402.XSHE),Long,2000Shares,2000Shares,19.42,38840,700,19.07,-,0,-460,0Shares,1.84%,123545.09,31.44%
2024-12-27,Stock,领益智造(002600.XSHE),Long,4800Shares,4800Shares,8.54,40992,1488,8.23,-,0,0,0Shares,3.77%,123545.09,33.18%
2024-12-27,,Cash,,,,,43713.09,,,,,,,,0
2024-12-30,Stock,和而泰(002402.XSHE),Long,2000Shares,2000Shares,19.07,38140,0,19.07,-,0,-700,0Shares,0%,121789.09,31.32%
2024-12-30,Stock,领益智造(002600.XSHE),Long,4800Shares,4800Shares,8.32,39936,432,8.23,-,0,-1056,0Shares,1.09%,121789.09,32.79%
2024-12-30,,Cash,,,,,43713.09,,,,,,,,0
2024-12-31,Stock,领益智造(002600.XSHE),Long,4800Shares,4800Shares,8,38400,-1104,8.23,-,0,-1536,0Shares,-2.79%,118525.7,32.4%
2024-12-31,,Cash,,,,,80125.7,,,,,,,,0
2025-01-02,,Cash,,,,,117277.34,,,,,,,,0
2025-01-03,,Cash,,,,,117277.34,,,,,,,,0
2025-01-06,Stock,东方精工(002611.XSHE),Long,6400Shares,0Shares,9.22,59008,768,9.1,-,0,768,6400Shares,1.32%,118818.91,49.66%
2025-01-06,Stock,阳光电源(300274.XSHE),Long,800Shares,0Shares,71.66,57328,808,70.65,-,0,808,800Shares,1.43%,118818.91,48.25%
2025-01-06,,Cash,,,,,2482.91,,,,,,,,0
2025-01-07,Stock,东方精工(002611.XSHE),Long,6400Shares,6400Shares,10.14,64896,6656,9.1,-,0,5888,0Shares,11.43%,124768.91,52.01%
2025-01-07,Stock,阳光电源(300274.XSHE),Long,800Shares,800Shares,71.66,57328,808,70.65,-,0,0,0Shares,1.43%,124768.91,45.95%
2025-01-07,Stock,数据港(603881.XSHG),Long,100Shares,0Shares,18.45,1845,67,17.78,-,0,67,100Shares,3.77%,124768.91,1.48%
2025-01-07,,Cash,,,,,699.91,,,,,,,,0
2025-01-08,Stock,阳光电源(300274.XSHE),Long,800Shares,800Shares,72.79,58232,1712,70.65,-,0,904,0Shares,3.03%,131697.56,44.22%
2025-01-08,Stock,数据港(603881.XSHG),Long,100Shares,100Shares,18.18,1818,40,17.78,-,0,-27,0Shares,2.25%,131697.56,1.38%
2025-01-08,,Cash,,,,,71647.56,,,,,,,,0
2025-01-09,Stock,数据港(603881.XSHG),Long,100Shares,100Shares,18.82,1882,104,17.78,-,0,64,0Shares,5.85%,132037.4,1.43%
2025-01-09,,Cash,,,,,130155.4,,,,,,,,0
2025-01-10,Stock,数据港(603881.XSHG),Long,100Shares,100Shares,17.73,1773,-5,17.78,-,0,-109,0Shares,-0.28%,131928.4,1.34%
2025-01-10,,Cash,,,,,130155.4,,,,,,,,0
2025-01-13,Stock,数据港(603881.XSHG),Long,100Shares,100Shares,17.5,1750,-28,17.78,-,0,-23,0Shares,-1.57%,131905.4,1.33%
2025-01-13,,Cash,,,,,130155.4,,,,,,,,0
2025-01-14,Stock,数据港(603881.XSHG),Long,100Shares,100Shares,18.58,1858,80,17.78,-,0,108,0Shares,4.5%,135629.19,1.37%
2025-01-14,Stock,科沃斯(603486.XSHG),Long,2900Shares,0Shares,45.18,131022,3654,43.92,-,0,3654,2900Shares,2.87%,135629.19,96.6%
2025-01-14,,Cash,,,,,2749.19,,,,,,,,0
2025-01-15,Stock,数据港(603881.XSHG),Long,100Shares,100Shares,19.16,1916,138,17.78,-,0,58,0Shares,7.76%,132352.19,1.45%
2025-01-15,Stock,科沃斯(603486.XSHG),Long,2900Shares,2900Shares,44.03,127687,319,43.92,-,0,-3335,0Shares,0.25%,132352.19,96.48%
2025-01-15,,Cash,,,,,2749.19,,,,,,,,0
2025-01-16,Stock,数据港(603881.XSHG),Long,100Shares,100Shares,18.84,1884,106,17.78,-,0,-32,0Shares,5.96%,134698.19,1.4%
2025-01-16,Stock,科沃斯(603486.XSHG),Long,2900Shares,2900Shares,44.85,130065,2697,43.92,-,0,2378,0Shares,2.12%,134698.19,96.56%
2025-01-16,,Cash,,,,,2749.19,,,,,,,,0
2025-01-17,Stock,数据港(603881.XSHG),Long,100Shares,100Shares,18.79,1879,101,17.78,-,0,-5,0Shares,5.68%,135766.19,1.38%
2025-01-17,Stock,科沃斯(603486.XSHG),Long,2900Shares,2900Shares,45.22,131138,3770,43.92,-,0,1073,0Shares,2.96%,135766.19,96.59%
2025-01-17,,Cash,,,,,2749.19,,,,,,,,0
2025-01-20,Stock,数据港(603881.XSHG),Long,100Shares,100Shares,19.1,1910,132,17.78,-,0,31,0Shares,7.42%,140785.19,1.36%
2025-01-20,Stock,科沃斯(603486.XSHG),Long,2900Shares,2900Shares,46.94,136126,8758,43.92,-,0,4988,0Shares,6.88%,140785.19,96.69%
2025-01-20,,Cash,,,,,2749.19,,,,,,,,0
2025-01-21,Stock,数据港(603881.XSHG),Long,100Shares,100Shares,19.65,1965,187,17.78,-,0,55,0Shares,10.52%,142638.19,1.38%
2025-01-21,Stock,科沃斯(603486.XSHG),Long,2900Shares,2900Shares,47.56,137924,10556,43.92,-,0,1798,0Shares,8.29%,142638.19,96.7%
2025-01-21,,Cash,,,,,2749.19,,,,,,,,0
2025-01-22,Stock,数据港(603881.XSHG),Long,100Shares,100Shares,20.06,2006,228,17.78,-,0,41,0Shares,12.82%,139924.19,1.43%
2025-01-22,Stock,科沃斯(603486.XSHG),Long,2900Shares,2900Shares,46.61,135169,7801,43.92,-,0,-2755,0Shares,6.12%,139924.19,96.6%
2025-01-22,,Cash,,,,,2749.19,,,,,,,,0
2025-01-23,Stock,数据港(603881.XSHG),Long,100Shares,100Shares,19.48,1948,170,17.78,-,0,-58,0Shares,9.56%,133718.19,1.46%
2025-01-23,Stock,科沃斯(603486.XSHG),Long,2900Shares,2900Shares,44.49,129021,1653,43.92,-,0,-6148,0Shares,1.3%,133718.19,96.49%
2025-01-23,,Cash,,,,,2749.19,,,,,,,,0
2025-01-24,Stock,科沃斯(603486.XSHG),Long,2900Shares,2900Shares,43.2,125280,-2088,43.92,-,0,-3741,0Shares,-1.64%,130067.14,96.32%
2025-01-24,,Cash,,,,,4787.14,,,,,,,,0
2025-01-27,Stock,科沃斯(603486.XSHG),Long,2900Shares,2900Shares,42.71,123859,-3509,43.92,-,0,-1421,0Shares,-2.76%,128646.14,96.28%
2025-01-27,,Cash,,,,,4787.14,,,,,,,,0
2025-02-05,Stock,科沃斯(603486.XSHG),Long,2900Shares,2900Shares,44.13,127977,609,43.92,-,0,4118,0Shares,0.48%,132764.14,96.39%
2025-02-05,,Cash,,,,,4787.14,,,,,,,,0
2025-02-06,Stock,科沃斯(603486.XSHG),Long,2900Shares,2900Shares,48.54,140766,13398,43.92,-,0,12789,0Shares,10.52%,145538.14,96.72%
2025-02-06,Stock,新奥股份(600803.XSHG),Long,100Shares,0Shares,19.23,1923,-10,19.33,-,0,-10,100Shares,-0.52%,145538.14,1.32%
2025-02-06,,Cash,,,,,2849.14,,,,,,,,0
2025-02-07,Stock,新奥股份(600803.XSHG),Long,100Shares,100Shares,19.31,1931,-2,19.33,-,0,8,0Shares,-0.1%,151590.04,1.27%
2025-02-07,,Cash,,,,,149659.04,,,,,,,,0
2025-02-10,Stock,新奥股份(600803.XSHG),Long,100Shares,100Shares,19.06,1906,-27,19.33,-,0,-25,0Shares,-1.4%,151565.04,1.26%
2025-02-10,,Cash,,,,,149659.04,,,,,,,,0
2025-02-11,Stock,新奥股份(600803.XSHG),Long,100Shares,100Shares,19.14,1914,-19,19.33,-,0,8,0Shares,-0.98%,151573.04,1.26%
2025-02-11,,Cash,,,,,149659.04,,,,,,,,0
2025-02-12,Stock,新奥股份(600803.XSHG),Long,100Shares,100Shares,19.02,1902,-31,19.33,-,0,-12,0Shares,-1.6%,151561.04,1.25%
2025-02-12,,Cash,,,,,149659.04,,,,,,,,0
2025-02-13,Stock,新奥股份(600803.XSHG),Long,100Shares,100Shares,18.88,1888,-45,19.33,-,0,-14,0Shares,-2.33%,151547.04,1.25%
2025-02-13,,Cash,,,,,149659.04,,,,,,,,0
2025-02-14,Stock,新奥股份(600803.XSHG),Long,100Shares,100Shares,19.03,1903,-30,19.33,-,0,15,0Shares,-1.55%,151562.04,1.26%
2025-02-14,,Cash,,,,,149659.04,,,,,,,,0
2025-02-17,,Cash,,,,,151527.16,,,,,,,,0
2025-02-18,,Cash,,,,,151527.16,,,,,,,,0
2025-02-19,,Cash,,,,,151527.16,,,,,,,,0
2025-02-20,,Cash,,,,,151527.16,,,,,,,,0
2025-02-21,,Cash,,,,,151527.16,,,,,,,,0
2025-02-24,,Cash,,,,,151527.16,,,,,,,,0
2025-02-25,,Cash,,,,,151527.16,,,,,,,,0
2025-02-26,,Cash,,,,,151527.16,,,,,,,,0
2025-02-27,,Cash,,,,,151527.16,,,,,,,,0
2025-02-28,,Cash,,,,,151527.16,,,,,,,,0
2025-03-03,,Cash,,,,,151527.16,,,,,,,,0
2025-03-04,Stock,领益智造(002600.XSHE),Long,16000Shares,0Shares,9.85,157600,6240,9.46,-,0,6240,16000Shares,4.12%,157721.76,99.92%
2025-03-04,,Cash,,,,,121.76,,,,,,,,0
2025-03-05,Stock,领益智造(002600.XSHE),Long,16000Shares,16000Shares,9.89,158240,6880,9.46,-,0,640,0Shares,4.55%,158361.76,99.92%
2025-03-05,,Cash,,,,,121.76,,,,,,,,0
2025-03-06,Stock,领益智造(002600.XSHE),Long,16000Shares,16000Shares,10.1,161600,10240,9.46,-,0,3360,0Shares,6.77%,161721.76,99.92%
2025-03-06,,Cash,,,,,121.76,,,,,,,,0
2025-03-07,,Cash,,,,,162150.84,,,,,,,,0
2025-03-10,Stock,安克创新(300866.XSHE),Long,1600Shares,0Shares,103.83,166128,4160,101.23,-,0,4160,1600Shares,2.57%,166262.25,99.92%
2025-03-10,,Cash,,,,,134.25,,,,,,,,0
2025-03-11,Stock,安克创新(300866.XSHE),Long,1600Shares,1600Shares,102.24,163584,1616,101.23,-,0,-2544,0Shares,1%,163718.25,99.92%
2025-03-11,,Cash,,,,,134.25,,,,,,,,0
2025-03-12,Stock,安克创新(300866.XSHE),Long,1600Shares,1600Shares,99.86,159776,-2192,101.23,-,0,-3808,0Shares,-1.35%,159910.25,99.92%
2025-03-12,,Cash,,,,,134.25,,,,,,,,0
2025-03-13,Stock,安克创新(300866.XSHE),Long,1600Shares,1600Shares,100.5,160800,-1168,101.23,-,0,1024,0Shares,-0.72%,160934.25,99.92%
2025-03-13,,Cash,,,,,134.25,,,,,,,,0
2025-03-14,Stock,安克创新(300866.XSHE),Long,1600Shares,1600Shares,100.24,160384,-1584,101.23,-,0,-416,0Shares,-0.98%,160518.25,99.92%
2025-03-14,,Cash,,,,,134.25,,,,,,,,0
2025-03-17,Stock,安克创新(300866.XSHE),Long,1600Shares,1600Shares,100.12,160192,-1776,101.23,-,0,-192,0Shares,-1.1%,160326.25,99.92%
2025-03-17,,Cash,,,,,134.25,,,,,,,,0
2025-03-18,Stock,安克创新(300866.XSHE),Long,1600Shares,1600Shares,101.8,162880,912,101.23,-,0,2688,0Shares,0.56%,163014.25,99.92%
2025-03-18,,Cash,,,,,134.25,,,,,,,,0
2025-03-19,Stock,安克创新(300866.XSHE),Long,1600Shares,1600Shares,103.09,164944,2976,101.23,-,0,2064,0Shares,1.84%,165078.25,99.92%
2025-03-19,,Cash,,,,,134.25,,,,,,,,0
2025-03-20,Stock,安克创新(300866.XSHE),Long,1600Shares,1600Shares,103.9,166240,4272,101.23,-,0,1296,0Shares,2.64%,166374.25,99.92%
2025-03-20,,Cash,,,,,134.25,,,,,,,,0
2025-03-21,Stock,安克创新(300866.XSHE),Long,1600Shares,1600Shares,99,158400,-3568,101.23,-,0,-7840,0Shares,-2.2%,158534.25,99.92%
2025-03-21,,Cash,,,,,134.25,,,,,,,,0
2025-03-24,Stock,安克创新(300866.XSHE),Long,1600Shares,1600Shares,102.99,164784,2816,101.23,-,0,6384,0Shares,1.74%,164918.25,99.92%
2025-03-24,,Cash,,,,,134.25,,,,,,,,0
2025-03-25,Stock,安克创新(300866.XSHE),Long,1600Shares,1600Shares,101.44,162304,336,101.23,-,0,-2480,0Shares,0.21%,162438.25,99.92%
2025-03-25,,Cash,,,,,134.25,,,,,,,,0
2025-03-26,Stock,安克创新(300866.XSHE),Long,1600Shares,1600Shares,101.09,161744,-224,101.23,-,0,-560,0Shares,-0.14%,161878.25,99.92%
2025-03-26,,Cash,,,,,134.25,,,,,,,,0
2025-03-27,Stock,安克创新(300866.XSHE),Long,1600Shares,1600Shares,103.77,166032,4064,101.23,-,0,4288,0Shares,2.51%,166166.25,99.92%
2025-03-27,,Cash,,,,,134.25,,,,,,,,0
2025-03-28,Stock,安克创新(300866.XSHE),Long,1600Shares,1600Shares,103.05,164880,2912,101.23,-,0,-1152,0Shares,1.8%,165014.25,99.92%
2025-03-28,,Cash,,,,,134.25,,,,,,,,0
2025-03-31,Stock,安克创新(300866.XSHE),Long,1600Shares,1600Shares,103.12,164992,3024,101.23,-,0,112,0Shares,1.87%,165126.25,99.92%
2025-03-31,,Cash,,,,,134.25,,,,,,,,0
2025-04-01,Stock,安克创新(300866.XSHE),Long,1600Shares,1600Shares,104.11,166576,4608,101.23,-,0,1584,0Shares,2.85%,166710.25,99.92%
2025-04-01,,Cash,,,,,134.25,,,,,,,,0
2025-04-02,Stock,安克创新(300866.XSHE),Long,1600Shares,1600Shares,105.72,169152,7184,101.23,-,0,2576,0Shares,4.44%,169286.25,99.92%
2025-04-02,,Cash,,,,,134.25,,,,,,,,0
2025-04-03,,Cash,,,,,152160.36,,,,,,,,0
2025-04-07,,Cash,,,,,152160.36,,,,,,,,0
2025-04-08,,Cash,,,,,152160.36,,,,,,,,0
2025-04-09,Stock,东方精工(002611.XSHE),Long,5400Shares,0Shares,10.24,55296,5292,9.26,-,0,5292,5400Shares,10.58%,163897.46,33.74%
2025-04-09,Stock,数据港(603881.XSHG),Long,1800Shares,0Shares,29.38,52884,4500,26.88,-,0,4500,1800Shares,9.3%,163897.46,32.27%
2025-04-09,Stock,华友钴业(603799.XSHG),Long,1700Shares,0Shares,29.37,49929,1989,28.2,-,0,1989,1700Shares,4.15%,163897.46,30.46%
2025-04-09,,Cash,,,,,5788.46,,,,,,,,0
2025-04-10,Stock,数据港(603881.XSHG),Long,1800Shares,1800Shares,29.94,53892,5508,26.88,-,0,1008,0Shares,11.38%,172017.42,31.33%
2025-04-10,Stock,华友钴业(603799.XSHG),Long,1700Shares,1700Shares,30.36,51612,3672,28.2,-,0,1683,0Shares,7.66%,172017.42,30%
2025-04-10,,Cash,,,,,66513.42,,,,,,,,0
2025-04-11,Stock,华友钴业(603799.XSHG),Long,1700Shares,1700Shares,30.73,52241,4301,28.2,-,0,629,0Shares,8.97%,176925.23,29.53%
2025-04-11,Stock,领益智造(002600.XSHE),Long,9700Shares,0Shares,7.26,70422,4171,6.83,-,0,4171,9700Shares,6.3%,176925.23,39.8%
2025-04-11,,Cash,,,,,54262.23,,,,,,,,0
2025-04-14,Stock,领益智造(002600.XSHE),Long,9700Shares,9700Shares,7.34,71198,4947,6.83,-,0,776,0Shares,7.47%,178584.08,39.87%
2025-04-14,,Cash,,,,,107386.08,,,,,,,,0
2025-04-15,,Cash,,,,,176844.66,,,,,,,,0
2025-04-16,,Cash,,,,,176844.66,,,,,,,,0
2025-04-17,Stock,盛弘股份(300693.XSHE),Long,6000Shares,0Shares,29.55,177300,2460,29.14,-,0,2460,6000Shares,1.41%,179252.21,98.91%
2025-04-17,,Cash,,,,,1952.21,,,,,,,,0
2025-04-18,Stock,盛弘股份(300693.XSHE),Long,6000Shares,6000Shares,29.34,176040,1200,29.14,-,0,-1260,0Shares,0.69%,177992.21,98.9%
2025-04-18,,Cash,,,,,1952.21,,,,,,,,0
2025-04-21,Stock,盛弘股份(300693.XSHE),Long,6000Shares,6000Shares,30.88,185280,10440,29.14,-,0,9240,0Shares,5.97%,187232.21,98.96%
2025-04-21,,Cash,,,,,1952.21,,,,,,,,0
2025-04-22,Stock,盛弘股份(300693.XSHE),Long,6000Shares,6000Shares,29.57,177420,2580,29.14,-,0,-7860,0Shares,1.48%,179372.21,98.91%
2025-04-22,,Cash,,,,,1952.21,,,,,,,,0
2025-04-23,Stock,盛弘股份(300693.XSHE),Long,6000Shares,6000Shares,30.32,181920,7080,29.14,-,0,4500,0Shares,4.05%,183872.21,98.94%
2025-04-23,,Cash,,,,,1952.21,,,,,,,,0
2025-04-24,Stock,盛弘股份(300693.XSHE),Long,6000Shares,6000Shares,29.4,176400,1560,29.14,-,0,-5520,0Shares,0.89%,178352.21,98.91%
2025-04-24,,Cash,,,,,1952.21,,,,,,,,0
2025-04-25,Stock,盛弘股份(300693.XSHE),Long,6000Shares,6000Shares,29.62,177720,2880,29.14,-,0,1320,0Shares,1.65%,179672.21,98.91%
2025-04-25,,Cash,,,,,1952.21,,,,,,,,0
2025-04-28,Stock,盛弘股份(300693.XSHE),Long,6000Shares,6000Shares,29.08,174480,-360,29.14,-,0,-3240,0Shares,-0.21%,176432.21,98.89%
2025-04-28,,Cash,,,,,1952.21,,,,,,,,0
2025-04-29,Stock,盛弘股份(300693.XSHE),Long,6000Shares,6000Shares,29.17,175020,180,29.14,-,0,540,0Shares,0.1%,176972.21,98.9%
2025-04-29,,Cash,,,,,1952.21,,,,,,,,0
2025-04-30,Stock,盛弘股份(300693.XSHE),Long,6000Shares,6000Shares,29.69,178140,3300,29.14,-,0,3120,0Shares,1.89%,180092.21,98.92%
2025-04-30,,Cash,,,,,1952.21,,,,,,,,0
2025-05-06,,Cash,,,,,190826.35,,,,,,,,0
2025-05-07,,Cash,,,,,190826.35,,,,,,,,0
2025-05-08,,Cash,,,,,190826.35,,,,,,,,0
2025-05-09,,Cash,,,,,190826.35,,,,,,,,0
2025-05-12,,Cash,,,,,190826.35,,,,,,,,0
2025-05-13,,Cash,,,,,190826.35,,,,,,,,0
2025-05-14,,Cash,,,,,190826.35,,,,,,,,0
2025-05-15,,Cash,,,,,190826.35,,,,,,,,0
2025-05-16,,Cash,,,,,190826.35,,,,,,,,0
2025-05-19,,Cash,,,,,190826.35,,,,,,,,0
2025-05-20,Stock,科华数据(002335.XSHE),Long,4800Shares,0Shares,40.04,192192,1392,39.75,-,0,1392,4800Shares,0.73%,192161.11,100%
2025-05-20,,Cash,,,,,-30.89,,,,,,,,0
2025-05-21,Stock,科华数据(002335.XSHE),Long,4800Shares,4800Shares,39.69,190512,-288,39.75,-,0,-1680,0Shares,-0.15%,190481.11,100%
2025-05-21,,Cash,,,,,-30.89,,,,,,,,0
2025-05-22,Stock,科华数据(002335.XSHE),Long,4800Shares,4800Shares,39.35,188880,-1920,39.75,-,0,-1632,0Shares,-1.01%,188849.11,100%
2025-05-22,,Cash,,,,,-30.89,,,,,,,,0
2025-05-23,,Cash,,,,,183618.06,,,,,,,,0
2025-05-26,,Cash,,,,,183618.06,,,,,,,,0
2025-05-27,,Cash,,,,,183618.06,,,,,,,,0
2025-05-28,,Cash,,,,,183618.06,,,,,,,,0
2025-05-29,,Cash,,,,,183618.06,,,,,,,,0
2025-05-30,,Cash,,,,,183618.06,,,,,,,,0
2025-06-03,,Cash,,,,,183618.06,,,,,,,,0
2025-06-04,,Cash,,,,,183618.06,,,,,,,,0
2025-06-05,,Cash,,,,,183618.06,,,,,,,,0
2025-06-06,,Cash,,,,,183618.06,,,,,,,,0
2025-06-09,,Cash,,,,,183618.06,,,,,,,,0
2025-06-10,,Cash,,,,,183618.06,,,,,,,,0
2025-06-11,,Cash,,,,,183618.06,,,,,,,,0
2025-06-12,,Cash,,,,,183618.06,,,,,,,,0
2025-06-13,,Cash,,,,,183618.06,,,,,,,,0
2025-06-16,,Cash,,,,,183618.06,,,,,,,,0
2025-06-17,,Cash,,,,,183618.06,,,,,,,,0
2025-06-18,,Cash,,,,,183618.06,,,,,,,,0
2025-06-19,,Cash,,,,,183618.06,,,,,,,,0
2025-06-20,,Cash,,,,,183618.06,,,,,,,,0
2025-06-23,,Cash,,,,,183618.06,,,,,,,,0
2025-06-24,,Cash,,,,,183618.06,,,,,,,,0
2025-06-25,,Cash,,,,,183618.06,,,,,,,,0
2025-06-26,,Cash,,,,,183618.06,,,,,,,,0
2025-06-27,,Cash,,,,,183618.06,,,,,,,,0
2025-06-30,,Cash,,,,,183618.06,,,,,,,,0
2025-07-01,,Cash,,,,,183618.06,,,,,,,,0
2025-07-02,,Cash,,,,,183618.06,,,,,,,,0
2025-07-03,,Cash,,,,,183618.06,,,,,,,,0
2025-07-04,,Cash,,,,,183618.06,,,,,,,,0
2025-07-07,,Cash,,,,,183618.06,,,,,,,,0
2025-07-08,,Cash,,,,,183618.06,,,,,,,,0
2025-07-09,,Cash,,,,,183618.06,,,,,,,,0
2025-07-10,,Cash,,,,,183618.06,,,,,,,,0
2025-07-11,,Cash,,,,,183618.06,,,,,,,,0
2025-07-14,Stock,巨化股份(600160.XSHG),Long,6800Shares,0Shares,27.18,184824,2176,26.86,-,0,2176,6800Shares,1.19%,185739.27,99.51%
2025-07-14,,Cash,,,,,915.27,,,,,,,,0
2025-07-15,Stock,巨化股份(600160.XSHG),Long,6800Shares,6800Shares,27.11,184348,1700,26.86,-,0,-476,0Shares,0.93%,185263.27,99.51%
2025-07-15,,Cash,,,,,915.27,,,,,,,,0
2025-07-16,Stock,巨化股份(600160.XSHG),Long,6800Shares,6800Shares,27.15,184620,1972,26.86,-,0,272,0Shares,1.08%,185535.27,99.51%
2025-07-16,,Cash,,,,,915.27,,,,,,,,0
2025-07-17,Stock,巨化股份(600160.XSHG),Long,6800Shares,6800Shares,26.95,183260,612,26.86,-,0,-1360,0Shares,0.34%,184175.27,99.5%
2025-07-17,,Cash,,,,,915.27,,,,,,,,0
2025-07-18,Stock,巨化股份(600160.XSHG),Long,6800Shares,6800Shares,26.92,183056,408,26.86,-,0,-204,0Shares,0.22%,183971.27,99.5%
2025-07-18,,Cash,,,,,915.27,,,,,,,,0
2025-07-21,Stock,巨化股份(600160.XSHG),Long,6800Shares,6800Shares,27.04,183872,1224,26.86,-,0,816,0Shares,0.67%,184787.27,99.5%
2025-07-21,,Cash,,,,,915.27,,,,,,,,0
2025-07-22,Stock,巨化股份(600160.XSHG),Long,6800Shares,6800Shares,27.5,187000,4352,26.86,-,0,3128,0Shares,2.38%,187915.27,99.51%
2025-07-22,,Cash,,,,,915.27,,,,,,,,0
2025-07-23,Stock,巨化股份(600160.XSHG),Long,6800Shares,6800Shares,27.45,186660,4012,26.86,-,0,-340,0Shares,2.2%,187575.27,99.51%
2025-07-23,,Cash,,,,,915.27,,,,,,,,0
2025-07-24,Stock,巨化股份(600160.XSHG),Long,6800Shares,6800Shares,27.18,184824,2176,26.86,-,0,-1836,0Shares,1.19%,185739.27,99.51%
2025-07-24,,Cash,,,,,915.27,,,,,,,,0
2025-07-25,Stock,巨化股份(600160.XSHG),Long,6800Shares,6800Shares,26.92,183056,408,26.86,-,0,-1768,0Shares,0.22%,183971.27,99.5%
2025-07-25,,Cash,,,,,915.27,,,,,,,,0
2025-07-28,Stock,巨化股份(600160.XSHG),Long,6800Shares,6800Shares,26.61,180948,-1700,26.86,-,0,-2108,0Shares,-0.93%,181863.27,99.5%
2025-07-28,,Cash,,,,,915.27,,,,,,,,0
2025-07-29,Stock,巨化股份(600160.XSHG),Long,6800Shares,6800Shares,26.42,179656,-2992,26.86,-,0,-1292,0Shares,-1.64%,180571.27,99.49%
2025-07-29,,Cash,,,,,915.27,,,,,,,,0
2025-07-30,Stock,巨化股份(600160.XSHG),Long,6800Shares,6800Shares,26.8,182240,-408,26.86,-,0,2584,0Shares,-0.22%,183155.27,99.5%
2025-07-30,,Cash,,,,,915.27,,,,,,,,0
2025-07-31,Stock,巨化股份(600160.XSHG),Long,6800Shares,6800Shares,26.77,182036,-612,26.86,-,0,-204,0Shares,-0.34%,182951.27,99.5%
2025-07-31,,Cash,,,,,915.27,,,,,,,,0
2025-08-01,Stock,巨化股份(600160.XSHG),Long,6800Shares,6800Shares,26.93,183124,476,26.86,-,0,1088,0Shares,0.26%,184039.27,99.5%
2025-08-01,,Cash,,,,,915.27,,,,,,,,0
2025-08-04,Stock,巨化股份(600160.XSHG),Long,6800Shares,6800Shares,27.38,186184,3536,26.86,-,0,3060,0Shares,1.94%,187099.27,99.51%
2025-08-04,,Cash,,,,,915.27,,,,,,,,0
2025-08-05,Stock,巨化股份(600160.XSHG),Long,6800Shares,6800Shares,27.36,186048,3400,26.86,-,0,-136,0Shares,1.86%,186963.27,99.51%
2025-08-05,,Cash,,,,,915.27,,,,,,,,0
2025-08-06,Stock,巨化股份(600160.XSHG),Long,6800Shares,6800Shares,27.56,187408,4760,26.86,-,0,1360,0Shares,2.61%,188323.27,99.51%
2025-08-06,,Cash,,,,,915.27,,,,,,,,0
2025-08-07,Stock,巨化股份(600160.XSHG),Long,6800Shares,6800Shares,28.41,193188,10540,26.86,-,0,5780,0Shares,5.77%,194103.27,99.53%
2025-08-07,,Cash,,,,,915.27,,,,,,,,0
2025-08-08,Stock,巨化股份(600160.XSHG),Long,6800Shares,6800Shares,28.46,193528,10880,26.86,-,0,340,0Shares,5.96%,194443.27,99.53%
2025-08-08,,Cash,,,,,915.27,,,,,,,,0
2025-08-11,Stock,巨化股份(600160.XSHG),Long,6800Shares,6800Shares,28.14,191352,8704,26.86,-,0,-2176,0Shares,4.77%,192267.27,99.52%
2025-08-11,,Cash,,,,,915.27,,,,,,,,0
2025-08-12,Stock,巨化股份(600160.XSHG),Long,6800Shares,6800Shares,28.95,196860,14212,26.86,-,0,5508,0Shares,7.78%,197775.27,99.54%
2025-08-12,,Cash,,,,,915.27,,,,,,,,0
2025-08-13,Stock,巨化股份(600160.XSHG),Long,6800Shares,6800Shares,29.02,197336,14688,26.86,-,0,476,0Shares,8.04%,198251.27,99.54%
2025-08-13,,Cash,,,,,915.27,,,,,,,,0
2025-08-14,Stock,巨化股份(600160.XSHG),Long,6800Shares,6800Shares,28.64,194752,12104,26.86,-,0,-2584,0Shares,6.63%,195667.27,99.53%
2025-08-14,,Cash,,,,,915.27,,,,,,,,0
2025-08-15,Stock,巨化股份(600160.XSHG),Long,6800Shares,6800Shares,29.86,203048,20400,26.86,-,0,8296,0Shares,11.17%,203963.27,99.55%
2025-08-15,,Cash,,,,,915.27,,,,,,,,0
2025-08-18,,Cash,,,,,213546.48,,,,,,,,0
2025-08-19,,Cash,,,,,213546.48,,,,,,,,0
2025-08-20,,Cash,,,,,213546.48,,,,,,,,0
2025-08-21,,Cash,,,,,213546.48,,,,,,,,0
2025-08-22,,Cash,,,,,213546.48,,,,,,,,0
2025-08-25,,Cash,,,,,213546.48,,,,,,,,0
2025-08-26,,Cash,,,,,213546.48,,,,,,,,0
2025-08-27,,Cash,,,,,213546.48,,,,,,,,0
2025-08-28,,Cash,,,,,213546.48,,,,,,,,0
2025-08-29,,Cash,,,,,213546.48,,,,,,,,0
2025-09-01,,Cash,,,,,213546.48,,,,,,,,0
2025-09-02,,Cash,,,,,213546.48,,,,,,,,0
2025-09-03,,Cash,,,,,213546.48,,,,,,,,0
2025-09-04,,Cash,,,,,213546.48,,,,,,,,0
2025-09-05,Stock,科华数据(002335.XSHE),Long,800Shares,0Shares,55,44000,4080,49.9,-,0,4080,800Shares,10.22%,221331.37,19.88%
2025-09-05,Stock,紫光国微(002049.XSHE),Long,500Shares,0Shares,74.61,37305,805,73,-,0,805,500Shares,2.21%,221331.37,16.85%
2025-09-05,Stock,东方精工(002611.XSHE),Long,2500Shares,0Shares,17.28,43200,1525,16.67,-,0,1525,2500Shares,3.66%,221331.37,19.52%
2025-09-05,Stock,安克创新(300866.XSHE),Long,300Shares,0Shares,137.19,41157,987,133.9,-,0,987,300Shares,2.46%,221331.37,18.6%
2025-09-05,Stock,东方财富(300059.XSHE),Long,1600Shares,0Shares,26.6,42560,448,26.32,-,0,448,1600Shares,1.06%,221331.37,19.23%
2025-09-05,,Cash,,,,,13109.37,,,,,,,,0
2025-09-08,Stock,科华数据(002335.XSHE),Long,800Shares,800Shares,53.71,42968,3048,49.9,-,0,-1032,0Shares,7.64%,219839.37,19.55%
2025-09-08,Stock,紫光国微(002049.XSHE),Long,500Shares,500Shares,75.12,37560,1060,73,-,0,255,0Shares,2.9%,219839.37,17.09%
2025-09-08,Stock,东方精工(002611.XSHE),Long,2500Shares,2500Shares,17.48,43700,2025,16.67,-,0,500,0Shares,4.86%,219839.37,19.88%
2025-09-08,Stock,安克创新(300866.XSHE),Long,300Shares,300Shares,134.1,40230,60,133.9,-,0,-927,0Shares,0.15%,219839.37,18.3%
2025-09-08,Stock,东方财富(300059.XSHE),Long,1600Shares,1600Shares,26.42,42272,160,26.32,-,0,-288,0Shares,0.38%,219839.37,19.23%
2025-09-08,,Cash,,,,,13109.37,,,,,,,,0
2025-09-09,Stock,科华数据(002335.XSHE),Long,800Shares,800Shares,55.6,44480,4560,49.9,-,0,1512,0Shares,11.42%,219233.37,20.29%
2025-09-09,Stock,紫光国微(002049.XSHE),Long,500Shares,500Shares,73.7,36850,350,73,-,0,-710,0Shares,0.96%,219233.37,16.81%
2025-09-09,Stock,东方精工(002611.XSHE),Long,2500Shares,2500Shares,16.98,42450,775,16.67,-,0,-1250,0Shares,1.86%,219233.37,19.36%
2025-09-09,Stock,安克创新(300866.XSHE),Long,300Shares,300Shares,134.8,40440,270,133.9,-,0,210,0Shares,0.67%,219233.37,18.45%
2025-09-09,Stock,东方财富(300059.XSHE),Long,1600Shares,1600Shares,26.19,41904,-208,26.32,-,0,-368,0Shares,-0.49%,219233.37,19.11%
2025-09-09,,Cash,,,,,13109.37,,,,,,,,0
2025-09-10,Stock,紫光国微(002049.XSHE),Long,500Shares,500Shares,75.38,37690,1190,73,-,0,840,0Shares,3.26%,222153.68,16.97%
2025-09-10,Stock,东方精工(002611.XSHE),Long,2500Shares,2500Shares,16.99,42475,800,16.67,-,0,25,0Shares,1.92%,222153.68,19.12%
2025-09-10,Stock,安克创新(300866.XSHE),Long,300Shares,300Shares,136.49,40947,987,133.2,-,0,717,0Shares,2.47%,222153.68,18.43%
2025-09-10,Stock,东方财富(300059.XSHE),Long,1600Shares,1600Shares,26.19,41904,-208,26.32,-,0,0,0Shares,-0.49%,222153.68,18.86%
2025-09-10,,Cash,,,,,59137.68,,,,,,,,0
2025-09-11,Stock,东方精工(002611.XSHE),Long,2500Shares,2500Shares,17.57,43925,2250,16.67,-,0,1450,0Shares,5.4%,226199.61,19.42%
2025-09-11,Stock,安克创新(300866.XSHE),Long,300Shares,300Shares,136.8,41040,1080,133.2,-,0,93,0Shares,2.7%,226199.61,18.14%
2025-09-11,Stock,东方财富(300059.XSHE),Long,1600Shares,1600Shares,27.27,43632,1520,26.32,-,0,1728,0Shares,3.61%,226199.61,19.29%
2025-09-11,,Cash,,,,,97602.61,,,,,,,,0
2025-09-12,Stock,东方精工(002611.XSHE),Long,2500Shares,2500Shares,17.79,44475,2800,16.67,-,0,550,0Shares,6.72%,225541.61,19.72%
2025-09-12,Stock,安克创新(300866.XSHE),Long,300Shares,300Shares,134.48,40344,384,133.2,-,0,-696,0Shares,0.96%,225541.61,17.89%
2025-09-12,Stock,东方财富(300059.XSHE),Long,1600Shares,1600Shares,26.95,43120,1008,26.32,-,0,-512,0Shares,2.39%,225541.61,19.12%
2025-09-12,,Cash,,,,,97602.61,,,,,,,,0
2025-09-15,Stock,东方精工(002611.XSHE),Long,2500Shares,2500Shares,17.48,43700,2025,16.67,-,0,-775,0Shares,4.86%,224366.61,19.48%
2025-09-15,Stock,安克创新(300866.XSHE),Long,300Shares,300Shares,131.76,39528,-432,133.2,-,0,-816,0Shares,-1.08%,224366.61,17.62%
2025-09-15,Stock,东方财富(300059.XSHE),Long,1600Shares,1600Shares,27.21,43536,1424,26.32,-,0,416,0Shares,3.38%,224366.61,19.4%
2025-09-15,,Cash,,,,,97602.61,,,,,,,,0
2025-09-16,Stock,东方精工(002611.XSHE),Long,2500Shares,2500Shares,17.94,44850,3175,16.67,-,0,1150,0Shares,7.62%,226082.61,19.84%
2025-09-16,Stock,安克创新(300866.XSHE),Long,300Shares,300Shares,130.98,39294,-666,133.2,-,0,-234,0Shares,-1.67%,226082.61,17.38%
2025-09-16,Stock,东方财富(300059.XSHE),Long,1600Shares,1600Shares,27.71,44336,2224,26.32,-,0,800,0Shares,5.28%,226082.61,19.61%
2025-09-16,,Cash,,,,,97602.61,,,,,,,,0
2025-09-17,Stock,东方精工(002611.XSHE),Long,2500Shares,2500Shares,19.02,47550,5875,16.67,-,0,2700,0Shares,14.1%,230563.61,20.62%
2025-09-17,Stock,安克创新(300866.XSHE),Long,300Shares,300Shares,134.25,40275,315,133.2,-,0,981,0Shares,0.79%,230563.61,17.47%
2025-09-17,Stock,东方财富(300059.XSHE),Long,1600Shares,1600Shares,28.21,45136,3024,26.32,-,0,800,0Shares,7.18%,230563.61,19.58%
2025-09-17,,Cash,,,,,97602.61,,,,,,,,0
2025-09-18,Stock,东方精工(002611.XSHE),Long,2500Shares,2500Shares,18.34,45850,4175,16.67,-,0,-1700,0Shares,10.02%,227532.61,20.15%
2025-09-18,Stock,安克创新(300866.XSHE),Long,300Shares,300Shares,136.96,41088,1128,133.2,-,0,813,0Shares,2.82%,227532.61,18.06%
2025-09-18,Stock,东方财富(300059.XSHE),Long,1600Shares,1600Shares,26.87,42992,880,26.32,-,0,-2144,0Shares,2.09%,227532.61,18.89%
2025-09-18,,Cash,,,,,97602.61,,,,,,,,0
2025-09-19,Stock,东方精工(002611.XSHE),Long,2500Shares,2500Shares,17.66,44150,2475,16.67,-,0,-1700,0Shares,5.94%,225383.61,19.59%
2025-09-19,Stock,安克创新(300866.XSHE),Long,300Shares,300Shares,137.17,41151,1191,133.2,-,0,63,0Shares,2.98%,225383.61,18.26%
2025-09-19,Stock,东方财富(300059.XSHE),Long,1600Shares,1600Shares,26.55,42480,368,26.32,-,0,-512,0Shares,0.87%,225383.61,18.85%
2025-09-19,,Cash,,,,,97602.61,,,,,,,,0
2025-09-22,Stock,东方精工(002611.XSHE),Long,2500Shares,2500Shares,17.79,44475,2800,16.67,-,0,325,0Shares,6.72%,223095.15,19.94%
2025-09-22,Stock,东方财富(300059.XSHE),Long,1600Shares,1600Shares,26.89,43024,912,26.32,-,0,544,0Shares,2.17%,223095.15,19.29%
2025-09-22,,Cash,,,,,135596.15,,,,,,,,0
2025-09-23,Stock,东方精工(002611.XSHE),Long,2500Shares,2500Shares,18.58,46450,4775,16.67,-,0,1975,0Shares,11.46%,223838.15,20.75%
2025-09-23,Stock,东方财富(300059.XSHE),Long,1600Shares,1600Shares,26.12,41792,-320,26.32,-,0,-1232,0Shares,-0.76%,223838.15,18.67%
2025-09-23,,Cash,,,,,135596.15,,,,,,,,0
2025-09-24,Stock,东方财富(300059.XSHE),Long,1600Shares,1600Shares,26.45,42320,208,26.32,-,0,528,0Shares,0.49%,232272.42,18.22%
2025-09-24,Stock,安克创新(300866.XSHE),Long,500Shares,0Shares,129,64500,3450,122.1,-,0,3450,500Shares,5.65%,232272.42,27.77%
2025-09-24,Stock,三七互娱(002555.XSHE),Long,3100Shares,0Shares,22.49,69719,3007,21.52,-,0,3007,3100Shares,4.51%,232272.42,30.02%
2025-09-24,,Cash,,,,,55733.42,,,,,,,,0
2025-09-25,Stock,东方财富(300059.XSHE),Long,1600Shares,1600Shares,26.47,42352,240,26.32,-,0,32,0Shares,0.57%,233461.42,18.14%
2025-09-25,Stock,安克创新(300866.XSHE),Long,500Shares,500Shares,126.23,63115,2065,122.1,-,0,-1385,0Shares,3.38%,233461.42,27.03%
2025-09-25,Stock,三七互娱(002555.XSHE),Long,3100Shares,3100Shares,23.31,72261,5549,21.52,-,0,2542,0Shares,8.32%,233461.42,30.95%
2025-09-25,,Cash,,,,,55733.42,,,,,,,,0
2025-09-26,Stock,东方财富(300059.XSHE),Long,1600Shares,1600Shares,26.06,41696,-416,26.32,-,0,-656,0Shares,-0.99%,227729.42,18.31%
2025-09-26,Stock,安克创新(300866.XSHE),Long,500Shares,500Shares,124.2,62100,1050,122.1,-,0,-1015,0Shares,1.72%,227729.42,27.27%
2025-09-26,Stock,三七互娱(002555.XSHE),Long,3100Shares,3100Shares,22,68200,1488,21.52,-,0,-4061,0Shares,2.23%,227729.42,29.95%
2025-09-26,,Cash,,,,,55733.42,,,,,,,,0
2025-09-29,Stock,东方财富(300059.XSHE),Long,1600Shares,1600Shares,27.58,44128,2016,26.32,-,0,2432,0Shares,4.79%,229875.42,19.2%
2025-09-29,Stock,安克创新(300866.XSHE),Long,500Shares,500Shares,125.24,62620,1570,122.1,-,0,520,0Shares,2.57%,229875.42,27.24%
2025-09-29,Stock,三七互娱(002555.XSHE),Long,3100Shares,3100Shares,21.74,67394,682,21.52,-,0,-806,0Shares,1.02%,229875.42,29.32%
2025-09-29,,Cash,,,,,55733.42,,,,,,,,0
2025-09-30,Stock,东方财富(300059.XSHE),Long,1600Shares,1600Shares,27.12,43392,1280,26.32,-,0,-736,0Shares,3.04%,227291.42,19.09%
2025-09-30,Stock,安克创新(300866.XSHE),Long,500Shares,500Shares,121.73,60865,-185,122.1,-,0,-1755,0Shares,-0.3%,227291.42,26.78%
2025-09-30,Stock,三七互娱(002555.XSHE),Long,3100Shares,3100Shares,21.71,67301,589,21.52,-,0,-93,0Shares,0.88%,227291.42,29.61%
2025-09-30,,Cash,,,,,55733.42,,,,,,,,0
2025-10-09,Stock,东方财富(300059.XSHE),Long,1600Shares,1600Shares,26.76,42816,704,26.32,-,0,-576,0Shares,1.67%,227553.42,18.82%
2025-10-09,Stock,安克创新(300866.XSHE),Long,500Shares,500Shares,124.15,62075,1025,122.1,-,0,1210,0Shares,1.68%,227553.42,27.28%
2025-10-09,Stock,三七互娱(002555.XSHE),Long,3100Shares,3100Shares,21.59,66929,217,21.52,-,0,-372,0Shares,0.33%,227553.42,29.41%
2025-10-09,,Cash,,,,,55733.42,,,,,,,,0
2025-10-10,Stock,东方财富(300059.XSHE),Long,1600Shares,1600Shares,26.09,41744,-368,26.32,-,0,-1072,0Shares,-0.87%,221635.56,18.83%
2025-10-10,Stock,安克创新(300866.XSHE),Long,500Shares,500Shares,121.01,60505,-545,122.1,-,0,-1570,0Shares,-0.89%,221635.56,27.3%
2025-10-10,,Cash,,,,,119386.56,,,,,,,,0
2025-10-13,,Cash,,,,,218771.2,,,,,,,,0
2025-10-14,,Cash,,,,,218771.2,,,,,,,,0
2025-10-15,Stock,宁德时代(300750.XSHE),Long,100Shares,0Shares,369.3,36930,1080,358.5,-,0,1080,100Shares,3.01%,225855.64,16.35%
2025-10-15,Stock,巨化股份(600160.XSHG),Long,1200Shares,0Shares,37.3,44760,1080,36.4,-,0,1080,1200Shares,2.47%,225855.64,19.82%
2025-10-15,Stock,科华数据(002335.XSHE),Long,700Shares,0Shares,66.27,46389,2982,62.01,-,0,2982,700Shares,6.87%,225855.64,20.54%
2025-10-15,Stock,数据港(603881.XSHG),Long,1300Shares,0Shares,33.81,43953,949,33.08,-,0,949,1300Shares,2.21%,225855.64,19.46%
2025-10-15,Stock,大华股份(002236.XSHE),Long,2200Shares,0Shares,19.83,43626,1056,19.35,-,0,1056,2200Shares,2.48%,225855.64,19.32%
2025-10-15,,Cash,,,,,10197.64,,,,,,,,0
2025-10-16,Stock,宁德时代(300750.XSHE),Long,100Shares,100Shares,368.5,36850,1000,358.5,-,0,-80,0Shares,2.79%,223144.64,16.51%
2025-10-16,Stock,巨化股份(600160.XSHG),Long,1200Shares,1200Shares,36.65,43980,300,36.4,-,0,-780,0Shares,0.69%,223144.64,19.71%
2025-10-16,Stock,科华数据(002335.XSHE),Long,700Shares,700Shares,65.38,45766,2359,62.01,-,0,-623,0Shares,5.43%,223144.64,20.51%
2025-10-16,Stock,数据港(603881.XSHG),Long,1300Shares,1300Shares,33.39,43407,403,33.08,-,0,-546,0Shares,0.94%,223144.64,19.45%
2025-10-16,Stock,大华股份(002236.XSHE),Long,2200Shares,2200Shares,19.52,42944,374,19.35,-,0,-682,0Shares,0.88%,223144.64,19.24%
2025-10-16,,Cash,,,,,10197.64,,,,,,,,0
2025-10-17,Stock,宁德时代(300750.XSHE),Long,100Shares,100Shares,358.14,35814,-36,358.5,-,0,-1036,0Shares,-0.1%,213533.12,16.77%
2025-10-17,Stock,巨化股份(600160.XSHG),Long,1200Shares,1200Shares,35.3,42360,-1320,36.4,-,0,-1620,0Shares,-3.02%,213533.12,19.84%
2025-10-17,Stock,科华数据(002335.XSHE),Long,700Shares,700Shares,60.8,42560,-847,62.01,-,0,-3206,0Shares,-1.95%,213533.12,19.93%
2025-10-17,,Cash,,,,,92799.12,,,,,,,,0
2025-10-20,Stock,宁德时代(300750.XSHE),Long,100Shares,100Shares,366.5,36650,800,358.5,-,0,836,0Shares,2.23%,216073.12,16.96%
2025-10-20,Stock,巨化股份(600160.XSHG),Long,1200Shares,1200Shares,36.02,43224,-456,36.4,-,0,864,0Shares,-1.04%,216073.12,20%
2025-10-20,Stock,科华数据(002335.XSHE),Long,700Shares,700Shares,62,43400,-7,62.01,-,0,840,0Shares,-0.02%,216073.12,20.09%
2025-10-20,,Cash,,,,,92799.12,,,,,,,,0
2025-10-21,Stock,宁德时代(300750.XSHE),Long,100Shares,100Shares,375.9,37590,1740,358.5,-,0,940,0Shares,4.85%,220461.68,17.05%
2025-10-21,Stock,巨化股份(600160.XSHG),Long,1200Shares,1200Shares,36.16,43392,-288,36.4,-,0,168,0Shares,-0.66%,220461.68,19.68%
2025-10-21,Stock,科华数据(002335.XSHE),Long,700Shares,700Shares,63.65,44555,1148,62.01,-,0,1155,0Shares,2.64%,220461.68,20.21%
2025-10-21,Stock,东方精工(002611.XSHE),Long,2700Shares,0Shares,17.46,47142,1161,17.03,-,0,1161,2700Shares,2.52%,220461.68,21.38%
2025-10-21,Stock,领益智造(002600.XSHE),Long,3100Shares,0Shares,14.99,46469,992,14.67,-,0,992,3100Shares,2.18%,220461.68,21.08%
2025-10-21,,Cash,,,,,1313.68,,,,,,,,0
2025-10-22,Stock,宁德时代(300750.XSHE),Long,100Shares,100Shares,372.86,37286,1436,358.5,-,0,-304,0Shares,4.01%,219107.68,17.02%
2025-10-22,Stock,巨化股份(600160.XSHG),Long,1200Shares,1200Shares,35.8,42960,-720,36.4,-,0,-432,0Shares,-1.65%,219107.68,19.61%
2025-10-22,Stock,科华数据(002335.XSHE),Long,700Shares,700Shares,62.32,43624,217,62.01,-,0,-931,0Shares,0.5%,219107.68,19.91%
2025-10-22,Stock,东方精工(002611.XSHE),Long,2700Shares,2700Shares,17.84,48168,2187,17.03,-,0,1026,0Shares,4.76%,219107.68,21.98%
2025-10-22,Stock,领益智造(002600.XSHE),Long,3100Shares,3100Shares,14.76,45756,279,14.67,-,0,-713,0Shares,0.61%,219107.68,20.88%
2025-10-22,,Cash,,,,,1313.68,,,,,,,,0
2025-10-23,Stock,宁德时代(300750.XSHE),Long,100Shares,100Shares,376.45,37645,1795,358.5,-,0,359,0Shares,5.01%,216095.73,17.42%
2025-10-23,Stock,科华数据(002335.XSHE),Long,700Shares,700Shares,61.5,43050,-357,62.01,-,0,-574,0Shares,-0.82%,216095.73,19.92%
2025-10-23,Stock,东方精工(002611.XSHE),Long,2700Shares,2700Shares,17.25,46575,594,17.03,-,0,-1593,0Shares,1.29%,216095.73,21.55%
2025-10-23,Stock,领益智造(002600.XSHE),Long,3100Shares,3100Shares,14.61,45291,-186,14.67,-,0,-465,0Shares,-0.41%,216095.73,20.96%
2025-10-23,,Cash,,,,,43534.73,,,,,,,,0
2025-10-24,Stock,宁德时代(300750.XSHE),Long,100Shares,100Shares,385.77,38577,2727,358.5,-,0,932,0Shares,7.61%,223554.73,17.26%
2025-10-24,Stock,科华数据(002335.XSHE),Long,700Shares,700Shares,66,46200,2793,62.01,-,0,3150,0Shares,6.43%,223554.73,20.67%
2025-10-24,Stock,东方精工(002611.XSHE),Long,2700Shares,2700Shares,17.72,47844,1863,17.03,-,0,1269,0Shares,4.05%,223554.73,21.4%
2025-10-24,Stock,领益智造(002600.XSHE),Long,3100Shares,3100Shares,15.29,47399,1922,14.67,-,0,2108,0Shares,4.23%,223554.73,21.2%
2025-10-24,,Cash,,,,,43534.73,,,,,,,,0
2025-10-27,Stock,宁德时代(300750.XSHE),Long,100Shares,100Shares,386.18,38618,2768,358.5,-,0,41,0Shares,7.72%,220822.14,17.49%
2025-10-27,Stock,科华数据(002335.XSHE),Long,700Shares,700Shares,59.4,41580,-1827,62.01,-,0,-4620,0Shares,-4.21%,220822.14,18.83%
2025-10-27,Stock,领益智造(002600.XSHE),Long,3100Shares,3100Shares,15.81,49011,3534,14.67,-,0,1612,0Shares,7.77%,220822.14,22.19%
2025-10-27,,Cash,,,,,91613.14,,,,,,,,0
2025-10-28,Stock,宁德时代(300750.XSHE),Long,100Shares,100Shares,386.48,38648,2798,358.5,-,0,30,0Shares,7.8%,219398.07,17.62%
2025-10-28,Stock,领益智造(002600.XSHE),Long,3100Shares,3100Shares,15.85,49135,3658,14.67,-,0,124,0Shares,8.04%,219398.07,22.4%
2025-10-28,,Cash,,,,,131615.07,,,,,,,,0
2025-10-29,Stock,宁德时代(300750.XSHE),Long,100Shares,100Shares,400,40000,4150,358.5,-,0,1352,0Shares,11.58%,221804.07,18.03%
2025-10-29,Stock,领益智造(002600.XSHE),Long,3100Shares,3100Shares,16.19,50189,4712,14.67,-,0,1054,0Shares,10.36%,221804.07,22.63%
2025-10-29,,Cash,,,,,131615.07,,,,,,,,0
2025-10-30,Stock,宁德时代(300750.XSHE),Long,100Shares,100Shares,398.29,39829,3979,358.5,-,0,-171,0Shares,11.1%,220827.07,18.04%
2025-10-30,Stock,领益智造(002600.XSHE),Long,3100Shares,3100Shares,15.93,49383,3906,14.67,-,0,-806,0Shares,8.59%,220827.07,22.36%
2025-10-30,,Cash,,,,,131615.07,,,,,,,,0
2025-10-31,Stock,宁德时代(300750.XSHE),Long,100Shares,100Shares,388.77,38877,3027,358.5,-,0,-952,0Shares,8.44%,221789.36,17.53%
2025-10-31,Stock,领益智造(002600.XSHE),Long,3100Shares,3100Shares,15.63,48453,2976,14.67,-,0,-930,0Shares,6.54%,221789.36,21.85%
2025-10-31,Stock,安克创新(300866.XSHE),Long,1100Shares,0Shares,116.9,128590,2882,114.28,-,0,2882,1100Shares,2.29%,221789.36,57.98%
2025-10-31,,Cash,,,,,5869.36,,,,,,,,0
2025-11-03,Stock,宁德时代(300750.XSHE),Long,100Shares,100Shares,386.86,38686,2836,358.5,-,0,-191,0Shares,7.91%,216919.36,17.83%
2025-11-03,Stock,领益智造(002600.XSHE),Long,3100Shares,3100Shares,15.21,47151,1674,14.67,-,0,-1302,0Shares,3.68%,216919.36,21.74%
2025-11-03,Stock,安克创新(300866.XSHE),Long,1100Shares,1100Shares,113.83,125213,-495,114.28,-,0,-3377,0Shares,-0.39%,216919.36,57.72%
2025-11-03,,Cash,,,,,5869.36,,,,,,,,0
2025-11-04,Stock,宁德时代(300750.XSHE),Long,100Shares,100Shares,378.95,37895,2045,358.5,-,0,-791,0Shares,5.7%,213127.71,17.78%
2025-11-04,Stock,领益智造(002600.XSHE),Long,3100Shares,3100Shares,14.84,46004,588.69,14.65,-,0,-1085.31,0Shares,1.3%,213127.71,21.59%
2025-11-04,Stock,安克创新(300866.XSHE),Long,1100Shares,1100Shares,112.1,123310,-2398,114.28,-,0,-1903,0Shares,-1.91%,213127.71,57.86%
2025-11-04,,Cash,,,,,5918.71,,,,,,,,0
2025-11-05,Stock,宁德时代(300750.XSHE),Long,100Shares,100Shares,388.7,38870,3020,358.5,-,0,975,0Shares,8.42%,214730.71,18.1%
2025-11-05,Stock,领益智造(002600.XSHE),Long,3100Shares,3100Shares,14.62,45322,-93.31,14.65,-,0,-682,0Shares,-0.21%,214730.71,21.11%
2025-11-05,Stock,安克创新(300866.XSHE),Long,1100Shares,1100Shares,113.24,124564,-1144,114.28,-,0,1254,0Shares,-0.91%,214730.71,58.01%
2025-11-05,Stock,巨化股份(600160.XSHG),Long,100Shares,0Shares,33.41,3341,61,32.8,-,0,61,100Shares,1.86%,214730.71,1.56%
2025-11-05,,Cash,,,,,2633.71,,,,,,,,0
2025-11-06,Stock,宁德时代(300750.XSHE),Long,100Shares,100Shares,394.68,39468,3618,358.5,-,0,598,0Shares,10.09%,219073.71,18.02%
2025-11-06,Stock,领益智造(002600.XSHE),Long,3100Shares,3100Shares,14.98,46438,1022.69,14.65,-,0,1116,0Shares,2.25%,219073.71,21.2%
2025-11-06,Stock,安克创新(300866.XSHE),Long,1100Shares,1100Shares,115.5,127050,1342,114.28,-,0,2486,0Shares,1.07%,219073.71,57.99%
2025-11-06,Stock,巨化股份(600160.XSHG),Long,100Shares,100Shares,34.84,3484,204,32.8,-,0,143,0Shares,6.22%,219073.71,1.59%
2025-11-06,,Cash,,,,,2633.71,,,,,,,,0
2025-11-07,Stock,宁德时代(300750.XSHE),Long,100Shares,100Shares,395.37,39537,3687,358.5,-,0,69,0Shares,10.28%,213221.25,18.54%
2025-11-07,Stock,领益智造(002600.XSHE),Long,3100Shares,3100Shares,14.78,45818,402.69,14.65,-,0,-620,0Shares,0.89%,213221.25,21.49%
2025-11-07,Stock,巨化股份(600160.XSHG),Long,100Shares,100Shares,35,3500,220,32.8,-,0,16,0Shares,6.71%,213221.25,1.64%
2025-11-07,,Cash,,,,,124366.25,,,,,,,,0
2025-11-10,Stock,宁德时代(300750.XSHE),Long,100Shares,100Shares,384.51,38451,2601,358.5,-,0,-1086,0Shares,7.26%,211155.67,18.21%
2025-11-10,Stock,领益智造(002600.XSHE),Long,3100Shares,3100Shares,14.44,44764,-651.31,14.65,-,0,-1054,0Shares,-1.43%,211155.67,21.2%
2025-11-10,,Cash,,,,,127940.67,,,,,,,,0
2025-11-11,Stock,宁德时代(300750.XSHE),Long,100Shares,100Shares,385.6,38560,2710,358.5,-,0,109,0Shares,7.56%,210030.01,18.36%
2025-11-11,,Cash,,,,,171470.01,,,,,,,,0
2025-11-12,Stock,宁德时代(300750.XSHE),Long,100Shares,100Shares,386.38,38638,2788,358.5,-,0,78,0Shares,7.78%,210108.01,18.39%
2025-11-12,,Cash,,,,,171470.01,,,,,,,,0
2025-11-13,Stock,欣旺达(300207.XSHE),Long,1700Shares,0Shares,34,57800,2890,32.3,-,0,2890,1700Shares,5.26%,230570,25.07%
2025-11-13,Stock,盛弘股份(300693.XSHE),Long,1300Shares,0Shares,49.4,64220,9984,41.72,-,0,9984,1300Shares,18.41%,230570,27.85%
2025-11-13,Stock,科华数据(002335.XSHE),Long,1000Shares,0Shares,57.63,57630,4530,53.1,-,0,4530,1000Shares,8.53%,230570,24.99%
2025-11-13,,Cash,,,,,50920,,,,,,,,0
2025-11-14,Stock,欣旺达(300207.XSHE),Long,1700Shares,1700Shares,32.1,54570,-340,32.3,-,0,-3230,0Shares,-0.62%,220707,24.73%
2025-11-14,Stock,盛弘股份(300693.XSHE),Long,1300Shares,1300Shares,46.69,60697,6461,41.72,-,0,-3523,0Shares,11.91%,220707,27.5%
2025-11-14,Stock,科华数据(002335.XSHE),Long,1000Shares,1000Shares,54.52,54520,1420,53.1,-,0,-3110,0Shares,2.67%,220707,24.7%
2025-11-14,,Cash,,,,,50920,,,,,,,,0
2025-11-17,Stock,盛弘股份(300693.XSHE),Long,1300Shares,1300Shares,44.8,58240,4004,41.72,-,0,-2457,0Shares,7.38%,217915.72,26.73%
2025-11-17,Stock,科华数据(002335.XSHE),Long,1000Shares,1000Shares,55.02,55020,1920,53.1,-,0,500,0Shares,3.62%,217915.72,25.25%
2025-11-17,Stock,东方精工(002611.XSHE),Long,2800Shares,0Shares,18.26,51128,644,18.03,-,0,644,2800Shares,1.28%,217915.72,23.46%
2025-11-17,,Cash,,,,,53527.72,,,,,,,,0
2025-11-18,Stock,盛弘股份(300693.XSHE),Long,1300Shares,1300Shares,43.36,56368,2132,41.72,-,0,-1872,0Shares,3.93%,214573.72,26.27%
2025-11-18,Stock,科华数据(002335.XSHE),Long,1000Shares,1000Shares,54.53,54530,1430,53.1,-,0,-490,0Shares,2.69%,214573.72,25.41%
2025-11-18,Stock,东方精工(002611.XSHE),Long,2800Shares,2800Shares,17.91,50148,-336,18.03,-,0,-980,0Shares,-0.67%,214573.72,23.37%
2025-11-18,,Cash,,,,,53527.72,,,,,,,,0
2025-11-19,Stock,盛弘股份(300693.XSHE),Long,1300Shares,1300Shares,43.05,55965,1729,41.72,-,0,-403,0Shares,3.19%,213140.72,26.26%
2025-11-19,Stock,科华数据(002335.XSHE),Long,1000Shares,1000Shares,53.5,53500,400,53.1,-,0,-1030,0Shares,0.75%,213140.72,25.1%
2025-11-19,Stock,东方精工(002611.XSHE),Long,2800Shares,2800Shares,17.91,50148,-336,18.03,-,0,0,0Shares,-0.67%,213140.72,23.53%
2025-11-19,,Cash,,,,,53527.72,,,,,,,,0
2025-11-20,Stock,盛弘股份(300693.XSHE),Long,1300Shares,1300Shares,41.7,54210,-26,41.72,-,0,-1755,0Shares,-0.05%,211065.72,25.68%
2025-11-20,Stock,科华数据(002335.XSHE),Long,1000Shares,1000Shares,52.9,52900,-200,53.1,-,0,-600,0Shares,-0.38%,211065.72,25.06%
2025-11-20,Stock,东方精工(002611.XSHE),Long,2800Shares,2800Shares,18.01,50428,-56,18.03,-,0,280,0Shares,-0.11%,211065.72,23.89%
2025-11-20,,Cash,,,,,53527.72,,,,,,,,0
2025-11-21,,Cash,,,,,203219.87,,,,,,,,0
2025-11-24,Stock,欣旺达(300207.XSHE),Long,7100Shares,0Shares,28.24,200504,-1065,28.39,-,0,-1065,7100Shares,-0.53%,202094.4,99.21%
2025-11-24,,Cash,,,,,1590.4,,,,,,,,0
2025-11-25,Stock,欣旺达(300207.XSHE),Long,7100Shares,7100Shares,28.64,203344,1775,28.39,-,0,2840,0Shares,0.88%,204934.4,99.22%
2025-11-25,,Cash,,,,,1590.4,,,,,,,,0
2025-11-26,Stock,欣旺达(300207.XSHE),Long,7100Shares,7100Shares,28.79,204409,2840,28.39,-,0,1065,0Shares,1.41%,205999.4,99.23%
2025-11-26,,Cash,,,,,1590.4,,,,,,,,0
2025-11-27,,Cash,,,,,211406.28,,,,,,,,0
2025-11-28,,Cash,,,,,211406.28,,,,,,,,0
2025-12-01,,Cash,,,,,211406.28,,,,,,,,0
2025-12-02,,Cash,,,,,211406.28,,,,,,,,0
2025-12-03,,Cash,,,,,211406.28,,,,,,,,0
2025-12-04,Stock,数据港(603881.XSHG),Long,6700Shares,0Shares,31.76,212792,1675,31.51,-,0,1675,6700Shares,0.79%,213017.95,99.89%
2025-12-04,,Cash,,,,,225.95,,,,,,,,0
2025-12-05,Stock,数据港(603881.XSHG),Long,6700Shares,6700Shares,31.83,213261,2144,31.51,-,0,469,0Shares,1.02%,213486.95,99.89%
2025-12-05,,Cash,,,,,225.95,,,,,,,,0
2025-12-08,Stock,数据港(603881.XSHG),Long,6700Shares,6700Shares,32.26,216142,5025,31.51,-,0,2881,0Shares,2.38%,216367.95,99.9%
2025-12-08,,Cash,,,,,225.95,,,,,,,,0
2025-12-09,Stock,数据港(603881.XSHG),Long,6700Shares,6700Shares,32.57,218219,7102,31.51,-,0,2077,0Shares,3.36%,218444.95,99.9%
2025-12-09,,Cash,,,,,225.95,,,,,,,,0
2025-12-10,,Cash,,,,,213678.1,,,,,,,,0
2025-12-11,,Cash,,,,,213678.1,,,,,,,,0
2025-12-12,,Cash,,,,,213678.1,,,,,,,,0
2025-12-15,,Cash,,,,,213678.1,,,,,,,,0
2025-12-16,,Cash,,,,,213678.1,,,,,,,,0
2025-12-17,,Cash,,,,,213678.1,,,,,,,,0
2025-12-18,,Cash,,,,,213678.1,,,,,,,,0
2025-12-19,,Cash,,,,,213678.1,,,,,,,,0
2025-12-22,,Cash,,,,,213678.1,,,,,,,,0
2025-12-23,,Cash,,,,,213678.1,,,,,,,,0
2025-12-24,Stock,新奥股份(600803.XSHG),Long,10300Shares,0Shares,20.76,213828,206,20.74,-,0,206,10300Shares,0.1%,213820.01,100%
2025-12-24,,Cash,,,,,-7.99,,,,,,,,0
2025-12-25,Stock,新奥股份(600803.XSHG),Long,10300Shares,10300Shares,21.02,216506,2884,20.74,-,0,2678,0Shares,1.35%,216498.01,100%
2025-12-25,,Cash,,,,,-7.99,,,,,,,,0
2025-12-26,Stock,新奥股份(600803.XSHG),Long,10300Shares,10300Shares,20.93,215579,1957,20.74,-,0,-927,0Shares,0.92%,215571.01,100%
2025-12-26,,Cash,,,,,-7.99,,,,,,,,0
2025-12-29,Stock,新奥股份(600803.XSHG),Long,10300Shares,10300Shares,20.8,214240,618,20.74,-,0,-1339,0Shares,0.29%,214232.01,100%
2025-12-29,,Cash,,,,,-7.99,,,,,,,,0
2025-12-30,Stock,新奥股份(600803.XSHG),Long,10300Shares,10300Shares,20.76,213828,206,20.74,-,0,-412,0Shares,0.1%,213820.01,100%
2025-12-30,,Cash,,,,,-7.99,,,,,,,,0
2025-12-31,Stock,新奥股份(600803.XSHG),Long,10300Shares,10300Shares,20.76,213828,206,20.74,-,0,0,0Shares,0.1%,213820.01,100%
2025-12-31,,Cash,,,,,-7.99,,,,,,,,0
2026-01-05,Stock,新奥股份(600803.XSHG),Long,10300Shares,10300Shares,20.64,212592,-1030,20.74,-,0,-1236,0Shares,-0.48%,212584.01,100%
2026-01-05,,Cash,,,,,-7.99,,,,,,,,0
2026-01-06,Stock,新奥股份(600803.XSHG),Long,10300Shares,10300Shares,20.33,209399,-4223,20.74,-,0,-3193,0Shares,-1.98%,209391.01,100%
2026-01-06,,Cash,,,,,-7.99,,,,,,,,0
2026-01-07,,Cash,,,,,206341.41,,,,,,,,0
2026-01-08,,Cash,,,,,206341.41,,,,,,,,0
2026-01-09,,Cash,,,,,206341.41,,,,,,,,0
2026-01-12,,Cash,,,,,206341.41,,,,,,,,0
2026-01-13,,Cash,,,,,206341.41,,,,,,,,0
2026-01-14,,Cash,,,,,206341.41,,,,,,,,0
2026-01-15,,Cash,,,,,206341.41,,,,,,,,0
2026-01-16,Stock,和而泰(002402.XSHE),Long,5100Shares,0Shares,40.65,207315,3825,39.9,-,0,3825,5100Shares,1.88%,210105.36,98.67%
2026-01-16,,Cash,,,,,2790.36,,,,,,,,0
2026-01-19,Stock,和而泰(002402.XSHE),Long,5100Shares,5100Shares,40.3,205530,2040,39.9,-,0,-1785,0Shares,1%,208320.36,98.66%
2026-01-19,,Cash,,,,,2790.36,,,,,,,,0
2026-01-20,Stock,和而泰(002402.XSHE),Long,5100Shares,5100Shares,39.18,199818,-3672,39.9,-,0,-5712,0Shares,-1.8%,202608.36,98.62%
2026-01-20,,Cash,,,,,2790.36,,,,,,,,0
2026-01-21,Stock,和而泰(002402.XSHE),Long,5100Shares,5100Shares,39.91,203541,51,39.9,-,0,3723,0Shares,0.03%,206331.36,98.65%
2026-01-21,,Cash,,,,,2790.36,,,,,,,,0
2026-01-22,Stock,和而泰(002402.XSHE),Long,5100Shares,5100Shares,39.44,201144,-2346,39.9,-,0,-2397,0Shares,-1.15%,203934.36,98.63%
2026-01-22,,Cash,,,,,2790.36,,,,,,,,0
2026-01-23,Stock,和而泰(002402.XSHE),Long,5100Shares,5100Shares,40.29,205479,1989,39.9,-,0,4335,0Shares,0.98%,208269.36,98.66%
2026-01-23,,Cash,,,,,2790.36,,,,,,,,0
2026-01-26,Stock,和而泰(002402.XSHE),Long,5100Shares,5100Shares,39.09,199359,-4131,39.9,-,0,-6120,0Shares,-2.03%,202149.36,98.62%
2026-01-26,,Cash,,,,,2790.36,,,,,,,,0
2026-01-27,,Cash,,,,,199139.77,,,,,,,,0
2026-01-28,,Cash,,,,,199139.77,,,,,,,,0
2026-01-29,Stock,科沃斯(603486.XSHG),Long,2600Shares,0Shares,74.4,193440,1482,73.83,-,0,1482,2600Shares,0.77%,200564.19,96.45%
2026-01-29,,Cash,,,,,7124.19,,,,,,,,0
2026-01-30,Stock,科沃斯(603486.XSHG),Long,2600Shares,2600Shares,71.82,186732,-5226,73.83,-,0,-6708,0Shares,-2.72%,193856.19,96.33%
2026-01-30,,Cash,,,,,7124.19,,,,,,,,0
2026-02-02,Stock,科沃斯(603486.XSHG),Long,2600Shares,2600Shares,71.42,185692,-6266,73.83,-,0,-1040,0Shares,-3.26%,192816.19,96.31%
2026-02-02,,Cash,,,,,7124.19,,,,,,,,0
2026-02-03,,Cash,,,,,188575.99,,,,,,,,0
2026-02-04,Stock,华友钴业(603799.XSHG),Long,1300Shares,0Shares,72.72,94536,1040,71.92,-,0,1040,1300Shares,1.11%,189343.66,49.93%
2026-02-04,Stock,格林美(002340.XSHE),Long,10800Shares,0Shares,8.71,94068,-216,8.73,-,0,-216,10800Shares,-0.23%,189343.66,49.68%
2026-02-04,,Cash,,,,,739.66,,,,,,,,0
2026-02-05,Stock,华友钴业(603799.XSHG),Long,1300Shares,1300Shares,70.9,92170,-1326,71.92,-,0,-2366,0Shares,-1.42%,184158.88,50.05%
2026-02-05,,Cash,,,,,91988.88,,,,,,,,0
2026-02-06,Stock,华友钴业(603799.XSHG),Long,1300Shares,1300Shares,70.45,91585,-1911,71.92,-,0,-585,0Shares,-2.04%,186091.04,49.22%
2026-02-06,Stock,科华数据(002335.XSHE),Long,1600Shares,0Shares,57.5,92000,2544,55.91,-,0,2544,1600Shares,2.84%,186091.04,49.44%
2026-02-06,,Cash,,,,,2506.04,,,,,,,,0
2026-02-09,Stock,华友钴业(603799.XSHG),Long,1300Shares,1300Shares,70.93,92209,-1287,71.92,-,0,624,0Shares,-1.38%,189883.04,48.56%
2026-02-09,Stock,科华数据(002335.XSHE),Long,1600Shares,1600Shares,59.48,95168,5712,55.91,-,0,3168,0Shares,6.39%,189883.04,50.12%
2026-02-09,,Cash,,,,,2506.04,,,,,,,,0
2026-02-10,Stock,科华数据(002335.XSHE),Long,1600Shares,1600Shares,59.48,95168,5712,55.91,-,0,0,0Shares,6.39%,187789.74,50.68%
2026-02-10,,Cash,,,,,92621.74,,,,,,,,0
2026-02-11,Stock,科华数据(002335.XSHE),Long,1600Shares,1600Shares,59.3,94880,5424,55.91,-,0,-288,0Shares,6.06%,187501.74,50.6%
2026-02-11,,Cash,,,,,92621.74,,,,,,,,0
2026-02-12,Stock,科华数据(002335.XSHE),Long,1600Shares,1600Shares,63.72,101952,12496,55.91,-,0,7072,0Shares,13.97%,194573.74,52.4%
2026-02-12,,Cash,,,,,92621.74,,,,,,,,0
2026-02-13,Stock,科华数据(002335.XSHE),Long,1600Shares,1600Shares,61.72,98752,9296,55.91,-,0,-3200,0Shares,10.39%,191373.74,51.6%
2026-02-13,,Cash,,,,,92621.74,,,,,,,,0
2026-02-24,Stock,科华数据(002335.XSHE),Long,1600Shares,1600Shares,59.49,95184,5728,55.91,-,0,-3568,0Shares,6.4%,187805.74,50.68%
2026-02-24,,Cash,,,,,92621.74,,,,,,,,0
2026-02-25,Stock,科华数据(002335.XSHE),Long,1600Shares,1600Shares,58.86,94176,4720,55.91,-,0,-1008,0Shares,5.28%,186797.74,50.42%
2026-02-25,,Cash,,,,,92621.74,,,,,,,,0
2026-02-26,Stock,科华数据(002335.XSHE),Long,1600Shares,1600Shares,61.6,98560,9104,55.91,-,0,4384,0Shares,10.18%,193685.04,50.89%
2026-02-26,Stock,数据港(603881.XSHG),Long,2300Shares,0Shares,39.79,91517,2530,38.69,-,0,2530,2300Shares,2.84%,193685.04,47.25%
2026-02-26,,Cash,,,,,3608.04,,,,,,,,0
2026-02-27,Stock,科华数据(002335.XSHE),Long,1600Shares,1600Shares,62.65,100240,10784,55.91,-,0,1680,0Shares,12.06%,199045.04,50.36%
2026-02-27,Stock,数据港(603881.XSHG),Long,2300Shares,2300Shares,41.39,95197,6210,38.69,-,0,3680,0Shares,6.98%,199045.04,47.83%
2026-02-27,,Cash,,,,,3608.04,,,,,,,,0
2026-03-02,Stock,科华数据(002335.XSHE),Long,1600Shares,1600Shares,62.05,99280,9824,55.91,-,0,-960,0Shares,10.98%,193278.04,51.37%
2026-03-02,Stock,数据港(603881.XSHG),Long,2300Shares,2300Shares,39.3,90390,1403,38.69,-,0,-4807,0Shares,1.58%,193278.04,46.77%
2026-03-02,,Cash,,,,,3608.04,,,,,,,,0
2026-03-03,Stock,科华数据(002335.XSHE),Long,1600Shares,1600Shares,56.59,90544,1088,55.91,-,0,-8736,0Shares,1.22%,179049.53,50.57%
2026-03-03,,Cash,,,,,88505.53,,,,,,,,0
2026-03-04,Stock,科华数据(002335.XSHE),Long,1600Shares,1600Shares,56.67,90672,1216,55.91,-,0,128,0Shares,1.36%,179177.53,50.6%
2026-03-04,,Cash,,,,,88505.53,,,,,,,,0
2026-03-05,Stock,科华数据(002335.XSHE),Long,1600Shares,1600Shares,57.88,92608,3152,55.91,-,0,1936,0Shares,3.52%,180625.2,51.27%
2026-03-05,Stock,数据港(603881.XSHG),Long,1100Shares,0Shares,36.54,40194,-671,37.15,-,0,-671,1100Shares,-1.64%,180625.2,22.25%
2026-03-05,Stock,东方精工(002611.XSHE),Long,2600Shares,0Shares,16.84,43784,208,16.76,-,0,208,2600Shares,0.48%,180625.2,24.24%
2026-03-05,,Cash,,,,,4039.2,,,,,,,,0
2026-03-06,Stock,科华数据(002335.XSHE),Long,1600Shares,1600Shares,60.7,97120,7664,55.91,-,0,4512,0Shares,8.57%,184934.2,52.52%
2026-03-06,Stock,数据港(603881.XSHG),Long,1100Shares,1100Shares,36.45,40095,-770,37.15,-,0,-99,0Shares,-1.88%,184934.2,21.68%
2026-03-06,Stock,东方精工(002611.XSHE),Long,2600Shares,2600Shares,16.8,43680,104,16.76,-,0,-104,0Shares,0.24%,184934.2,23.62%
2026-03-06,,Cash,,,,,4039.2,,,,,,,,0
2026-03-09,Stock,数据港(603881.XSHG),Long,1100Shares,1100Shares,38.03,41833,968,37.15,-,0,1738,0Shares,2.37%,187436.18,22.32%
2026-03-09,Stock,东方精工(002611.XSHE),Long,2600Shares,2600Shares,16.62,43212,-364,16.76,-,0,-468,0Shares,-0.84%,187436.18,23.05%
2026-03-09,,Cash,,,,,102391.18,,,,,,,,0
2026-03-10,Stock,东方精工(002611.XSHE),Long,2600Shares,2600Shares,17.05,44330,754,16.76,-,0,1118,0Shares,1.73%,189093.02,23.44%
2026-03-10,,Cash,,,,,144763.02,,,,,,,,0
2026-03-11,Stock,东方精工(002611.XSHE),Long,2600Shares,2600Shares,17.07,44382,806,16.76,-,0,52,0Shares,1.85%,189145.02,23.46%
2026-03-11,,Cash,,,,,144763.02,,,,,,,,0
2026-03-12,Stock,东方精工(002611.XSHE),Long,2600Shares,2600Shares,17.32,45032,1456,16.76,-,0,650,0Shares,3.34%,189795.02,23.73%
2026-03-12,,Cash,,,,,144763.02,,,,,,,,0
2026-03-13,Stock,东方精工(002611.XSHE),Long,2600Shares,2600Shares,16.92,43992,416,16.76,-,0,-1040,0Shares,0.95%,188755.02,23.31%
2026-03-13,,Cash,,,,,144763.02,,,,,,,,0
2026-03-16,Stock,东方精工(002611.XSHE),Long,2600Shares,2600Shares,16.91,43966,390,16.76,-,0,-26,0Shares,0.89%,189606.34,23.19%
2026-03-16,Stock,数据港(603881.XSHG),Long,4000Shares,0Shares,35.8,143200,920,35.57,-,0,920,4000Shares,0.65%,189606.34,75.52%
2026-03-16,,Cash,,,,,2440.34,,,,,,,,0
2026-03-17,Stock,东方精工(002611.XSHE),Long,2600Shares,2600Shares,16.81,43706,130,16.76,-,0,-260,0Shares,0.3%,187026.34,23.37%
2026-03-17,Stock,数据港(603881.XSHG),Long,4000Shares,4000Shares,35.22,140880,-1400,35.57,-,0,-2320,0Shares,-0.98%,187026.34,75.33%
2026-03-17,,Cash,,,,,2440.34,,,,,,,,0
2026-03-18,Stock,东方精工(002611.XSHE),Long,2600Shares,2600Shares,16.72,43472,-104,16.76,-,0,-234,0Shares,-0.24%,200872.34,21.64%
2026-03-18,Stock,数据港(603881.XSHG),Long,4000Shares,4000Shares,38.74,154960,12680,35.57,-,0,14080,0Shares,8.91%,200872.34,77.14%
2026-03-18,,Cash,,,,,2440.34,,,,,,,,0
2026-03-19,Stock,数据港(603881.XSHG),Long,4000Shares,4000Shares,39.58,158320,16040,35.57,-,0,3360,0Shares,11.27%,202721.72,78.1%
2026-03-19,,Cash,,,,,44401.72,,,,,,,,0
2026-03-20,Stock,数据港(603881.XSHG),Long,4000Shares,4000Shares,37.01,148040,5760,35.57,-,0,-10280,0Shares,4.05%,192436.11,76.93%
2026-03-20,Stock,华友钴业(603799.XSHG),Long,300Shares,0Shares,57.41,17223,33,57.3,-,0,33,300Shares,0.19%,192436.11,8.95%
2026-03-20,Stock,格林美(002340.XSHE),Long,2700Shares,0Shares,7.95,21465,-27,7.96,-,0,-27,2700Shares,-0.13%,192436.11,11.15%
2026-03-20,,Cash,,,,,5708.11,,,,,,,,0
2026-03-23,Stock,数据港(603881.XSHG),Long,4000Shares,4000Shares,35.3,141200,-1080,35.57,-,0,-6840,0Shares,-0.76%,183912.93,76.78%
2026-03-23,,Cash,,,,,42712.93,,,,,,,,0
2026-03-24,Stock,数据港(603881.XSHG),Long,4000Shares,4000Shares,36.37,145480,3200,35.57,-,0,4280,0Shares,2.25%,188751.2,77.08%
2026-03-24,Stock,中国铝业(601600.XSHG),Long,1800Shares,0Shares,11.3,20340,0,11.3,-,0,0,1800Shares,0%,188751.2,10.78%
2026-03-24,Stock,紫金矿业(601899.XSHG),Long,600Shares,0Shares,32.2,19320,570,31.25,-,0,570,600Shares,3.04%,188751.2,10.24%
2026-03-24,,Cash,,,,,3611.2,,,,,,,,0
2026-03-25,Stock,数据港(603881.XSHG),Long,4000Shares,4000Shares,38.3,153200,10920,35.57,-,0,7720,0Shares,7.68%,197473.2,77.58%
2026-03-25,Stock,中国铝业(601600.XSHG),Long,1800Shares,1800Shares,11.51,20718,378,11.3,-,0,378,0Shares,1.86%,197473.2,10.49%
2026-03-25,Stock,紫金矿业(601899.XSHG),Long,600Shares,600Shares,33.24,19944,1194,31.25,-,0,624,0Shares,6.37%,197473.2,10.1%
2026-03-25,,Cash,,,,,3611.2,,,,,,,,0
2026-03-26,Stock,中国铝业(601600.XSHG),Long,1800Shares,1800Shares,11.31,20358,18,11.3,-,0,-360,0Shares,0.09%,193827.16,10.5%
2026-03-26,Stock,紫金矿业(601899.XSHG),Long,600Shares,600Shares,32.09,19254,504,31.25,-,0,-690,0Shares,2.69%,193827.16,9.93%
2026-03-26,,Cash,,,,,154215.16,,,,,,,,0
2026-03-27,Stock,中国铝业(601600.XSHG),Long,1800Shares,1800Shares,11.44,20592,252,11.3,-,0,234,0Shares,1.24%,194289.16,10.6%
2026-03-27,Stock,紫金矿业(601899.XSHG),Long,600Shares,600Shares,32.47,19482,732,31.25,-,0,228,0Shares,3.9%,194289.16,10.03%
2026-03-27,,Cash,,,,,154215.16,,,,,,,,0
2026-03-30,Stock,中国铝业(601600.XSHG),Long,1800Shares,1800Shares,11.97,21546,1206,11.3,-,0,954,0Shares,5.93%,195429.16,11.02%
2026-03-30,Stock,紫金矿业(601899.XSHG),Long,600Shares,600Shares,32.78,19668,918,31.25,-,0,186,0Shares,4.9%,195429.16,10.06%
2026-03-30,,Cash,,,,,154215.16,,,,,,,,0
2026-03-31,Stock,中国铝业(601600.XSHG),Long,1800Shares,1800Shares,11.4,20520,180,11.3,-,0,-1026,0Shares,0.88%,194287.71,10.56%
2026-03-31,,Cash,,,,,173767.71,,,,,,,,0
2026-04-01,Stock,中国铝业(601600.XSHG),Long,1800Shares,1800Shares,11.56,20808,468,11.3,-,0,288,0Shares,2.3%,193283.63,10.77%
2026-04-01,Stock,太阳能(000591.XSHE),Long,31000Shares,0Shares,5.56,172360,-1240,5.6,-,0,-1240,31000Shares,-0.71%,193283.63,89.17%
2026-04-01,,Cash,,,,,115.63,,,,,,,,0
2026-04-02,Stock,中国铝业(601600.XSHG),Long,1800Shares,1800Shares,11.68,21024,684,11.3,-,0,216,0Shares,3.36%,187393.22,11.22%
2026-04-02,,Cash,,,,,166369.22,,,,,,,,0
2026-04-03,Stock,中国铝业(601600.XSHG),Long,1800Shares,1800Shares,11.21,20178,-162,11.3,-,0,-846,0Shares,-0.8%,184398.47,10.94%
2026-04-03,Stock,科华数据(002335.XSHE),Long,3000Shares,0Shares,53.47,160410,-2100,54.17,-,0,-2100,3000Shares,-1.29%,184398.47,86.99%
2026-04-03,,Cash,,,,,3810.47,,,,,,,,0
2026-04-07,Stock,中国铝业(601600.XSHG),Long,1800Shares,1800Shares,11.39,20502,162,11.3,-,0,324,0Shares,0.8%,183072.47,11.2%
2026-04-07,Stock,科华数据(002335.XSHE),Long,3000Shares,3000Shares,52.92,158760,-3750,54.17,-,0,-1650,0Shares,-2.31%,183072.47,86.72%
2026-04-07,,Cash,,,,,3810.47,,,,,,,,0
2026-04-08,Stock,科华数据(002335.XSHE),Long,3000Shares,3000Shares,57.59,172770,10260,54.17,-,0,14010,0Shares,6.31%,198565.85,87.01%
2026-04-08,,Cash,,,,,25795.85,,,,,,,,0
2026-04-09,Stock,科华数据(002335.XSHE),Long,3000Shares,3000Shares,58.77,176310,13800,54.17,-,0,3540,0Shares,8.49%,202105.85,87.24%
2026-04-09,,Cash,,,,,25795.85,,,,,,,,0
2026-04-10,Stock,科华数据(002335.XSHE),Long,3000Shares,3000Shares,59.43,178290,15780,54.17,-,0,1980,0Shares,9.71%,204085.85,87.36%
2026-04-10,,Cash,,,,,25795.85,,,,,,,,0
2026-04-13,Stock,科华数据(002335.XSHE),Long,3000Shares,3000Shares,59.16,177480,14970,54.17,-,0,-810,0Shares,9.21%,203275.85,87.31%
2026-04-13,,Cash,,,,,25795.85,,,,,,,,0
2026-04-14,Stock,科华数据(002335.XSHE),Long,3000Shares,3000Shares,60.86,182580,20070,54.17,-,0,5100,0Shares,12.35%,208375.85,87.62%
2026-04-14,,Cash,,,,,25795.85,,,,,,,,0
2026-04-15,Stock,科华数据(002335.XSHE),Long,3000Shares,3000Shares,60.45,181350,18840,54.17,-,0,-1230,0Shares,11.59%,207145.85,87.55%
2026-04-15,,Cash,,,,,25795.85,,,,,,,,0
2026-04-16,,Cash,,,,,213022.14,,,,,,,,0
2026-04-17,,Cash,,,,,213022.14,,,,,,,,0
2026-04-20,,Cash,,,,,213022.14,,,,,,,,0
2026-04-21,,Cash,,,,,213022.14,,,,,,,,0
2026-04-22,,Cash,,,,,213022.14,,,,,,,,0
2026-04-23,,Cash,,,,,213022.14,,,,,,,,0
2026-04-24,,Cash,,,,,213022.14,,,,,,,,0
2026-04-27,,Cash,,,,,213022.14,,,,,,,,0
2026-04-28,,Cash,,,,,213022.14,,,,,,,,0
